Company Name,Career URL,ATS Provider
Adobe,https://adobe.wd1.myworkdayjobs.com,workday
Adobe,https://adobe.wd3.myworkdayjobs.com,workday
Adobe,https://adobe.wd5.myworkdayjobs.com,workday
Airbnb,https://airbnb.wd1.myworkdayjobs.com,workday
Airbnb,https://airbnb.wd3.myworkdayjobs.com,workday
Airbnb,https://airbnb.wd5.myworkdayjobs.com,workday
Amazon,https://amazon.wd1.myworkdayjobs.com,workday
Amazon,https://amazon.wd3.myworkdayjobs.com,workday
Amazon,https://amazon.wd5.myworkdayjobs.com,workday
Amd,https://amd.wd1.myworkdayjobs.com,workday
Amd,https://amd.wd3.myworkdayjobs.com,workday
Amd,https://amd.wd5.myworkdayjobs.com,workday
Apple,https://apple.wd1.myworkdayjobs.com,workday
Apple,https://apple.wd3.myworkdayjobs.com,workday
Apple,https://apple.wd5.myworkdayjobs.com,workday
Cisco,https://cisco.wd1.myworkdayjobs.com,workday
Cisco,https://cisco.wd3.myworkdayjobs.com,workday
Cisco,https://cisco.wd5.myworkdayjobs.com,workday
Dell,https://dell.wd1.myworkdayjobs.com,workday
Dell,https://dell.wd3.myworkdayjobs.com,workday
Dell,https://dell.wd5.myworkdayjobs.com,workday
Ebay,https://ebay.wd1.myworkdayjobs.com,workday
Ebay,https://ebay.wd3.myworkdayjobs.com,workday
Ebay,https://ebay.wd5.myworkdayjobs.com,workday
Ea,https://ea.wd1.myworkdayjobs.com,workday
Ea,https://ea.wd3.myworkdayjobs.com,workday
Ea,https://ea.wd5.myworkdayjobs.com,workday
Fedex,https://fedex.wd1.myworkdayjobs.com,workday
Fedex,https://fedex.wd3.myworkdayjobs.com,workday
Fedex,https://fedex.wd5.myworkdayjobs.com,workday
Ford,https://ford.wd1.myworkdayjobs.com,workday
Ford,https://ford.wd3.myworkdayjobs.com,workday
Ford,https://ford.wd5.myworkdayjobs.com,workday
Ge,https://ge.wd1.myworkdayjobs.com,workday
Ge,https://ge.wd3.myworkdayjobs.com,workday
Ge,https://ge.wd5.myworkdayjobs.com,workday
Hp,https://hp.wd1.myworkdayjobs.com,workday
Hp,https://hp.wd3.myworkdayjobs.com,workday
Hp,https://hp.wd5.myworkdayjobs.com,workday
Ibm,https://ibm.wd1.myworkdayjobs.com,workday
Ibm,https://ibm.wd3.myworkdayjobs.com,workday
Ibm,https://ibm.wd5.myworkdayjobs.com,workday
Intel,https://intel.wd1.myworkdayjobs.com,workday
Intel,https://intel.wd3.myworkdayjobs.com,workday
Intel,https://intel.wd5.myworkdayjobs.com,workday
Intuit,https://intuit.wd1.myworkdayjobs.com,workday
Intuit,https://intuit.wd3.myworkdayjobs.com,workday
Intuit,https://intuit.wd5.myworkdayjobs.com,workday
Mastercard,https://mastercard.wd1.myworkdayjobs.com,workday
Mastercard,https://mastercard.wd3.myworkdayjobs.com,workday
Mastercard,https://mastercard.wd5.myworkdayjobs.com,workday
Mcdonalds,https://mcdonalds.wd1.myworkdayjobs.com,workday
Mcdonalds,https://mcdonalds.wd3.myworkdayjobs.com,workday
Mcdonalds,https://mcdonalds.wd5.myworkdayjobs.com,workday
Microsoft,https://microsoft.wd1.myworkdayjobs.com,workday
Microsoft,https://microsoft.wd3.myworkdayjobs.com,workday
Microsoft,https://microsoft.wd5.myworkdayjobs.com,workday
Netflix,https://netflix.wd1.myworkdayjobs.com,workday
Netflix,https://netflix.wd3.myworkdayjobs.com,workday
Netflix,https://netflix.wd5.myworkdayjobs.com,workday
Nike,https://nike.wd1.myworkdayjobs.com,workday
Nike,https://nike.wd3.myworkdayjobs.com,workday
Nike,https://nike.wd5.myworkdayjobs.com,workday
Nvidia,https://nvidia.wd1.myworkdayjobs.com,workday
Nvidia,https://nvidia.wd3.myworkdayjobs.com,workday
Nvidia,https://nvidia.wd5.myworkdayjobs.com,workday
Oracle,https://oracle.wd1.myworkdayjobs.com,workday
Oracle,https://oracle.wd3.myworkdayjobs.com,workday
Oracle,https://oracle.wd5.myworkdayjobs.com,workday
Paypal,https://paypal.wd1.myworkdayjobs.com,workday
Paypal,https://paypal.wd3.myworkdayjobs.com,workday
Paypal,https://paypal.wd5.myworkdayjobs.com,workday
Pepsi,https://pepsi.wd1.myworkdayjobs.com,workday
Pepsi,https://pepsi.wd3.myworkdayjobs.com,workday
Pepsi,https://pepsi.wd5.myworkdayjobs.com,workday
Pfizer,https://pfizer.wd1.myworkdayjobs.com,workday
Pfizer,https://pfizer.wd3.myworkdayjobs.com,workday
Pfizer,https://pfizer.wd5.myworkdayjobs.com,workday
Salesforce,https://salesforce.wd1.myworkdayjobs.com,workday
Salesforce,https://salesforce.wd3.myworkdayjobs.com,workday
Salesforce,https://salesforce.wd5.myworkdayjobs.com,workday
Sony,https://sony.wd1.myworkdayjobs.com,workday
Sony,https://sony.wd3.myworkdayjobs.com,workday
Sony,https://sony.wd5.myworkdayjobs.com,workday
Spotify,https://spotify.wd1.myworkdayjobs.com,workday
Spotify,https://spotify.wd3.myworkdayjobs.com,workday
Spotify,https://spotify.wd5.myworkdayjobs.com,workday
Target,https://target.wd1.myworkdayjobs.com,workday
Target,https://target.wd3.myworkdayjobs.com,workday
Target,https://target.wd5.myworkdayjobs.com,workday
Tesla,https://tesla.wd1.myworkdayjobs.com,workday
Tesla,https://tesla.wd3.myworkdayjobs.com,workday
Tesla,https://tesla.wd5.myworkdayjobs.com,workday
Twitter,https://twitter.wd1.myworkdayjobs.com,workday
Twitter,https://twitter.wd3.myworkdayjobs.com,workday
Twitter,https://twitter.wd5.myworkdayjobs.com,workday
Uber,https://uber.wd1.myworkdayjobs.com,workday
Uber,https://uber.wd3.myworkdayjobs.com,workday
Uber,https://uber.wd5.myworkdayjobs.com,workday
Visa,https://visa.wd1.myworkdayjobs.com,workday
Visa,https://visa.wd3.myworkdayjobs.com,workday
Visa,https://visa.wd5.myworkdayjobs.com,workday
Walmart,https://walmart.wd1.myworkdayjobs.com,workday
Walmart,https://walmart.wd3.myworkdayjobs.com,workday
Walmart,https://walmart.wd5.myworkdayjobs.com,workday
Disney,https://disney.wd1.myworkdayjobs.com,workday
Disney,https://disney.wd3.myworkdayjobs.com,workday
Disney,https://disney.wd5.myworkdayjobs.com,workday
Zoom,https://zoom.wd1.myworkdayjobs.com,workday
Zoom,https://zoom.wd3.myworkdayjobs.com,workday
Zoom,https://zoom.wd5.myworkdayjobs.com,workday
Slack,https://slack.wd1.myworkdayjobs.com,workday
Slack,https://slack.wd3.myworkdayjobs.com,workday
Slack,https://slack.wd5.myworkdayjobs.com,workday
Atlassian,https://atlassian.wd1.myworkdayjobs.com,workday
Atlassian,https://atlassian.wd3.myworkdayjobs.com,workday
Atlassian,https://atlassian.wd5.myworkdayjobs.com,workday
Stripe,https://stripe.wd1.myworkdayjobs.com,workday
Stripe,https://stripe.wd3.myworkdayjobs.com,workday
Stripe,https://stripe.wd5.myworkdayjobs.com,workday
Square,https://square.wd1.myworkdayjobs.com,workday
Square,https://square.wd3.myworkdayjobs.com,workday
Square,https://square.wd5.myworkdayjobs.com,workday
Dropbox,https://dropbox.wd1.myworkdayjobs.com,workday
Dropbox,https://dropbox.wd3.myworkdayjobs.com,workday
Dropbox,https://dropbox.wd5.myworkdayjobs.com,workday
Box,https://box.wd1.myworkdayjobs.com,workday
Box,https://box.wd3.myworkdayjobs.com,workday
Box,https://box.wd5.myworkdayjobs.com,workday
Okta,https://okta.wd1.myworkdayjobs.com,workday
Okta,https://okta.wd3.myworkdayjobs.com,workday
Okta,https://okta.wd5.myworkdayjobs.com,workday
Docusign,https://docusign.wd1.myworkdayjobs.com,workday
Docusign,https://docusign.wd3.myworkdayjobs.com,workday
Docusign,https://docusign.wd5.myworkdayjobs.com,workday
Workday,https://workday.wd1.myworkdayjobs.com,workday
Workday,https://workday.wd3.myworkdayjobs.com,workday
Workday,https://workday.wd5.myworkdayjobs.com,workday
Servicenow,https://servicenow.wd1.myworkdayjobs.com,workday
Servicenow,https://servicenow.wd3.myworkdayjobs.com,workday
Servicenow,https://servicenow.wd5.myworkdayjobs.com,workday
Splunk,https://splunk.wd1.myworkdayjobs.com,workday
Splunk,https://splunk.wd3.myworkdayjobs.com,workday
Splunk,https://splunk.wd5.myworkdayjobs.com,workday
Snowflake,https://snowflake.wd1.myworkdayjobs.com,workday
Snowflake,https://snowflake.wd3.myworkdayjobs.com,workday
Snowflake,https://snowflake.wd5.myworkdayjobs.com,workday
Databricks,https://databricks.wd1.myworkdayjobs.com,workday
Databricks,https://databricks.wd3.myworkdayjobs.com,workday
Databricks,https://databricks.wd5.myworkdayjobs.com,workday
Palantir,https://palantir.wd1.myworkdayjobs.com,workday
Palantir,https://palantir.wd3.myworkdayjobs.com,workday
Palantir,https://palantir.wd5.myworkdayjobs.com,workday
Twilio,https://twilio.wd1.myworkdayjobs.com,workday
Twilio,https://twilio.wd3.myworkdayjobs.com,workday
Twilio,https://twilio.wd5.myworkdayjobs.com,workday
Zillow,https://zillow.wd1.myworkdayjobs.com,workday
Zillow,https://zillow.wd3.myworkdayjobs.com,workday
Zillow,https://zillow.wd5.myworkdayjobs.com,workday
Lyft,https://lyft.wd1.myworkdayjobs.com,workday
Lyft,https://lyft.wd3.myworkdayjobs.com,workday
Lyft,https://lyft.wd5.myworkdayjobs.com,workday
Doordash,https://doordash.wd1.myworkdayjobs.com,workday
Doordash,https://doordash.wd3.myworkdayjobs.com,workday
Doordash,https://doordash.wd5.myworkdayjobs.com,workday
Instacart,https://instacart.wd1.myworkdayjobs.com,workday
Instacart,https://instacart.wd3.myworkdayjobs.com,workday
Instacart,https://instacart.wd5.myworkdayjobs.com,workday
Robinhood,https://robinhood.wd1.myworkdayjobs.com,workday
Robinhood,https://robinhood.wd3.myworkdayjobs.com,workday
Robinhood,https://robinhood.wd5.myworkdayjobs.com,workday
Coinbase,https://coinbase.wd1.myworkdayjobs.com,workday
Coinbase,https://coinbase.wd3.myworkdayjobs.com,workday
Coinbase,https://coinbase.wd5.myworkdayjobs.com,workday
Kraken,https://kraken.wd1.myworkdayjobs.com,workday
Kraken,https://kraken.wd3.myworkdayjobs.com,workday
Kraken,https://kraken.wd5.myworkdayjobs.com,workday
Plaid,https://plaid.wd1.myworkdayjobs.com,workday
Plaid,https://plaid.wd3.myworkdayjobs.com,workday
Plaid,https://plaid.wd5.myworkdayjobs.com,workday
Sofi,https://sofi.wd1.myworkdayjobs.com,workday
Sofi,https://sofi.wd3.myworkdayjobs.com,workday
Sofi,https://sofi.wd5.myworkdayjobs.com,workday
Chime,https://chime.wd1.myworkdayjobs.com,workday
Chime,https://chime.wd3.myworkdayjobs.com,workday
Chime,https://chime.wd5.myworkdayjobs.com,workday
Affirm,https://affirm.wd1.myworkdayjobs.com,workday
Affirm,https://affirm.wd3.myworkdayjobs.com,workday
Affirm,https://affirm.wd5.myworkdayjobs.com,workday
Klarna,https://klarna.wd1.myworkdayjobs.com,workday
Klarna,https://klarna.wd3.myworkdayjobs.com,workday
Klarna,https://klarna.wd5.myworkdayjobs.com,workday
Afterpay,https://afterpay.wd1.myworkdayjobs.com,workday
Afterpay,https://afterpay.wd3.myworkdayjobs.com,workday
Afterpay,https://afterpay.wd5.myworkdayjobs.com,workday
Peloton,https://peloton.wd1.myworkdayjobs.com,workday
Peloton,https://peloton.wd3.myworkdayjobs.com,workday
Peloton,https://peloton.wd5.myworkdayjobs.com,workday
Roblox,https://roblox.wd1.myworkdayjobs.com,workday
Roblox,https://roblox.wd3.myworkdayjobs.com,workday
Roblox,https://roblox.wd5.myworkdayjobs.com,workday
Epicgames,https://epicgames.wd1.myworkdayjobs.com,workday
Epicgames,https://epicgames.wd3.myworkdayjobs.com,workday
Epicgames,https://epicgames.wd5.myworkdayjobs.com,workday
Unity,https://unity.wd1.myworkdayjobs.com,workday
Unity,https://unity.wd3.myworkdayjobs.com,workday
Unity,https://unity.wd5.myworkdayjobs.com,workday
Nintendo,https://nintendo.wd1.myworkdayjobs.com,workday
Nintendo,https://nintendo.wd3.myworkdayjobs.com,workday
Nintendo,https://nintendo.wd5.myworkdayjobs.com,workday
Sega,https://sega.wd1.myworkdayjobs.com,workday
Sega,https://sega.wd3.myworkdayjobs.com,workday
Sega,https://sega.wd5.myworkdayjobs.com,workday
Capcom,https://capcom.wd1.myworkdayjobs.com,workday
Capcom,https://capcom.wd3.myworkdayjobs.com,workday
Capcom,https://capcom.wd5.myworkdayjobs.com,workday
Konami,https://konami.wd1.myworkdayjobs.com,workday
Konami,https://konami.wd3.myworkdayjobs.com,workday
Konami,https://konami.wd5.myworkdayjobs.com,workday
Namco,https://namco.wd1.myworkdayjobs.com,workday
Namco,https://namco.wd3.myworkdayjobs.com,workday
Namco,https://namco.wd5.myworkdayjobs.com,workday
Squareenix,https://squareenix.wd1.myworkdayjobs.com,workday
Squareenix,https://squareenix.wd3.myworkdayjobs.com,workday
Squareenix,https://squareenix.wd5.myworkdayjobs.com,workday
Ubisoft,https://ubisoft.wd1.myworkdayjobs.com,workday
Ubisoft,https://ubisoft.wd3.myworkdayjobs.com,workday
Ubisoft,https://ubisoft.wd5.myworkdayjobs.com,workday
Activision,https://activision.wd1.myworkdayjobs.com,workday
Activision,https://activision.wd3.myworkdayjobs.com,workday
Activision,https://activision.wd5.myworkdayjobs.com,workday
Blizzard,https://blizzard.wd1.myworkdayjobs.com,workday
Blizzard,https://blizzard.wd3.myworkdayjobs.com,workday
Blizzard,https://blizzard.wd5.myworkdayjobs.com,workday
Briotgames,https://briotgames.wd1.myworkdayjobs.com,workday
Briotgames,https://briotgames.wd3.myworkdayjobs.com,workday
Briotgames,https://briotgames.wd5.myworkdayjobs.com,workday
Valve,https://valve.wd1.myworkdayjobs.com,workday
Valve,https://valve.wd3.myworkdayjobs.com,workday
Valve,https://valve.wd5.myworkdayjobs.com,workday
Bungie,https://bungie.wd1.myworkdayjobs.com,workday
Bungie,https://bungie.wd3.myworkdayjobs.com,workday
Bungie,https://bungie.wd5.myworkdayjobs.com,workday
Insomniac,https://insomniac.wd1.myworkdayjobs.com,workday
Insomniac,https://insomniac.wd3.myworkdayjobs.com,workday
Insomniac,https://insomniac.wd5.myworkdayjobs.com,workday
Naughtydog,https://naughtydog.wd1.myworkdayjobs.com,workday
Naughtydog,https://naughtydog.wd3.myworkdayjobs.com,workday
Naughtydog,https://naughtydog.wd5.myworkdayjobs.com,workday
Guerrilla,https://guerrilla.wd1.myworkdayjobs.com,workday
Guerrilla,https://guerrilla.wd3.myworkdayjobs.com,workday
Guerrilla,https://guerrilla.wd5.myworkdayjobs.com,workday
Suckerpunch,https://suckerpunch.wd1.myworkdayjobs.com,workday
Suckerpunch,https://suckerpunch.wd3.myworkdayjobs.com,workday
Suckerpunch,https://suckerpunch.wd5.myworkdayjobs.com,workday
Polyphony,https://polyphony.wd1.myworkdayjobs.com,workday
Polyphony,https://polyphony.wd3.myworkdayjobs.com,workday
Polyphony,https://polyphony.wd5.myworkdayjobs.com,workday
Media,https://media.wd1.myworkdayjobs.com,workday
Media,https://media.wd3.myworkdayjobs.com,workday
Media,https://media.wd5.myworkdayjobs.com,workday
Housemarque,https://housemarque.wd1.myworkdayjobs.com,workday
Housemarque,https://housemarque.wd3.myworkdayjobs.com,workday
Housemarque,https://housemarque.wd5.myworkdayjobs.com,workday
Bluepoint,https://bluepoint.wd1.myworkdayjobs.com,workday
Bluepoint,https://bluepoint.wd3.myworkdayjobs.com,workday
Bluepoint,https://bluepoint.wd5.myworkdayjobs.com,workday
Firesprite,https://firesprite.wd1.myworkdayjobs.com,workday
Firesprite,https://firesprite.wd3.myworkdayjobs.com,workday
Firesprite,https://firesprite.wd5.myworkdayjobs.com,workday
Haven,https://haven.wd1.myworkdayjobs.com,workday
Haven,https://haven.wd3.myworkdayjobs.com,workday
Haven,https://haven.wd5.myworkdayjobs.com,workday
Neon,https://neon.wd1.myworkdayjobs.com,workday
Neon,https://neon.wd3.myworkdayjobs.com,workday
Neon,https://neon.wd5.myworkdayjobs.com,workday
Niantic,https://niantic.wd1.myworkdayjobs.com,workday
Niantic,https://niantic.wd3.myworkdayjobs.com,workday
Niantic,https://niantic.wd5.myworkdayjobs.com,workday
Zynga,https://zynga.wd1.myworkdayjobs.com,workday
Zynga,https://zynga.wd3.myworkdayjobs.com,workday
Zynga,https://zynga.wd5.myworkdayjobs.com,workday
King,https://king.wd1.myworkdayjobs.com,workday
King,https://king.wd3.myworkdayjobs.com,workday
King,https://king.wd5.myworkdayjobs.com,workday
Supercell,https://supercell.wd1.myworkdayjobs.com,workday
Supercell,https://supercell.wd3.myworkdayjobs.com,workday
Supercell,https://supercell.wd5.myworkdayjobs.com,workday
Rovio,https://rovio.wd1.myworkdayjobs.com,workday
Rovio,https://rovio.wd3.myworkdayjobs.com,workday
Rovio,https://rovio.wd5.myworkdayjobs.com,workday
Pvh,https://pvh.wd1.myworkdayjobs.com,workday
Pvh,https://pvh.wd3.myworkdayjobs.com,workday
Pvh,https://pvh.wd5.myworkdayjobs.com,workday
Generalmills,https://generalmills.wd1.myworkdayjobs.com,workday
Generalmills,https://generalmills.wd3.myworkdayjobs.com,workday
Generalmills,https://generalmills.wd5.myworkdayjobs.com,workday
Kellogg,https://kellogg.wd1.myworkdayjobs.com,workday
Kellogg,https://kellogg.wd3.myworkdayjobs.com,workday
Kellogg,https://kellogg.wd5.myworkdayjobs.com,workday
Kraftheinz,https://kraftheinz.wd1.myworkdayjobs.com,workday
Kraftheinz,https://kraftheinz.wd3.myworkdayjobs.com,workday
Kraftheinz,https://kraftheinz.wd5.myworkdayjobs.com,workday
Nestle,https://nestle.wd1.myworkdayjobs.com,workday
Nestle,https://nestle.wd3.myworkdayjobs.com,workday
Nestle,https://nestle.wd5.myworkdayjobs.com,workday
Unilever,https://unilever.wd1.myworkdayjobs.com,workday
Unilever,https://unilever.wd3.myworkdayjobs.com,workday
Unilever,https://unilever.wd5.myworkdayjobs.com,workday
Pg,https://pg.wd1.myworkdayjobs.com,workday
Pg,https://pg.wd3.myworkdayjobs.com,workday
Pg,https://pg.wd5.myworkdayjobs.com,workday
Jnj,https://jnj.wd1.myworkdayjobs.com,workday
Jnj,https://jnj.wd3.myworkdayjobs.com,workday
Jnj,https://jnj.wd5.myworkdayjobs.com,workday
Merck,https://merck.wd1.myworkdayjobs.com,workday
Merck,https://merck.wd3.myworkdayjobs.com,workday
Merck,https://merck.wd5.myworkdayjobs.com,workday
Abbvie,https://abbvie.wd1.myworkdayjobs.com,workday
Abbvie,https://abbvie.wd3.myworkdayjobs.com,workday
Abbvie,https://abbvie.wd5.myworkdayjobs.com,workday
Bms,https://bms.wd1.myworkdayjobs.com,workday
Bms,https://bms.wd3.myworkdayjobs.com,workday
Bms,https://bms.wd5.myworkdayjobs.com,workday
Lilly,https://lilly.wd1.myworkdayjobs.com,workday
Lilly,https://lilly.wd3.myworkdayjobs.com,workday
Lilly,https://lilly.wd5.myworkdayjobs.com,workday
Gilead,https://gilead.wd1.myworkdayjobs.com,workday
Gilead,https://gilead.wd3.myworkdayjobs.com,workday
Gilead,https://gilead.wd5.myworkdayjobs.com,workday
Amgen,https://amgen.wd1.myworkdayjobs.com,workday
Amgen,https://amgen.wd3.myworkdayjobs.com,workday
Amgen,https://amgen.wd5.myworkdayjobs.com,workday
Biogen,https://biogen.wd1.myworkdayjobs.com,workday
Biogen,https://biogen.wd3.myworkdayjobs.com,workday
Biogen,https://biogen.wd5.myworkdayjobs.com,workday
Vertex,https://vertex.wd1.myworkdayjobs.com,workday
Vertex,https://vertex.wd3.myworkdayjobs.com,workday
Vertex,https://vertex.wd5.myworkdayjobs.com,workday
Regeneron,https://regeneron.wd1.myworkdayjobs.com,workday
Regeneron,https://regeneron.wd3.myworkdayjobs.com,workday
Regeneron,https://regeneron.wd5.myworkdayjobs.com,workday
Boeing,https://boeing.wd1.myworkdayjobs.com,workday
Boeing,https://boeing.wd3.myworkdayjobs.com,workday
Boeing,https://boeing.wd5.myworkdayjobs.com,workday
Lockheedmartin,https://lockheedmartin.wd1.myworkdayjobs.com,workday
Lockheedmartin,https://lockheedmartin.wd3.myworkdayjobs.com,workday
Lockheedmartin,https://lockheedmartin.wd5.myworkdayjobs.com,workday
Raytheon,https://raytheon.wd1.myworkdayjobs.com,workday
Raytheon,https://raytheon.wd3.myworkdayjobs.com,workday
Raytheon,https://raytheon.wd5.myworkdayjobs.com,workday
Northropgrumman,https://northropgrumman.wd1.myworkdayjobs.com,workday
Northropgrumman,https://northropgrumman.wd3.myworkdayjobs.com,workday
Northropgrumman,https://northropgrumman.wd5.myworkdayjobs.com,workday
Generaldynamics,https://generaldynamics.wd1.myworkdayjobs.com,workday
Generaldynamics,https://generaldynamics.wd3.myworkdayjobs.com,workday
Generaldynamics,https://generaldynamics.wd5.myworkdayjobs.com,workday
L3harris,https://l3harris.wd1.myworkdayjobs.com,workday
L3harris,https://l3harris.wd3.myworkdayjobs.com,workday
L3harris,https://l3harris.wd5.myworkdayjobs.com,workday
Jpmorgan,https://jpmorgan.wd1.myworkdayjobs.com,workday
Jpmorgan,https://jpmorgan.wd3.myworkdayjobs.com,workday
Jpmorgan,https://jpmorgan.wd5.myworkdayjobs.com,workday
Bankofamerica,https://bankofamerica.wd1.myworkdayjobs.com,workday
Bankofamerica,https://bankofamerica.wd3.myworkdayjobs.com,workday
Bankofamerica,https://bankofamerica.wd5.myworkdayjobs.com,workday
Citigroup,https://citigroup.wd1.myworkdayjobs.com,workday
Citigroup,https://citigroup.wd3.myworkdayjobs.com,workday
Citigroup,https://citigroup.wd5.myworkdayjobs.com,workday
Wellsfargo,https://wellsfargo.wd1.myworkdayjobs.com,workday
Wellsfargo,https://wellsfargo.wd3.myworkdayjobs.com,workday
Wellsfargo,https://wellsfargo.wd5.myworkdayjobs.com,workday
Goldmansachs,https://goldmansachs.wd1.myworkdayjobs.com,workday
Goldmansachs,https://goldmansachs.wd3.myworkdayjobs.com,workday
Goldmansachs,https://goldmansachs.wd5.myworkdayjobs.com,workday
Morganstanley,https://morganstanley.wd1.myworkdayjobs.com,workday
Morganstanley,https://morganstanley.wd3.myworkdayjobs.com,workday
Morganstanley,https://morganstanley.wd5.myworkdayjobs.com,workday
Blackrock,https://blackrock.wd1.myworkdayjobs.com,workday
Blackrock,https://blackrock.wd3.myworkdayjobs.com,workday
Blackrock,https://blackrock.wd5.myworkdayjobs.com,workday
Vanguard,https://vanguard.wd1.myworkdayjobs.com,workday
Vanguard,https://vanguard.wd3.myworkdayjobs.com,workday
Vanguard,https://vanguard.wd5.myworkdayjobs.com,workday
Fidelity,https://fidelity.wd1.myworkdayjobs.com,workday
Fidelity,https://fidelity.wd3.myworkdayjobs.com,workday
Fidelity,https://fidelity.wd5.myworkdayjobs.com,workday
Statestreet,https://statestreet.wd1.myworkdayjobs.com,workday
Statestreet,https://statestreet.wd3.myworkdayjobs.com,workday
Statestreet,https://statestreet.wd5.myworkdayjobs.com,workday
Bnymellon,https://bnymellon.wd1.myworkdayjobs.com,workday
Bnymellon,https://bnymellon.wd3.myworkdayjobs.com,workday
Bnymellon,https://bnymellon.wd5.myworkdayjobs.com,workday
Capitalone,https://capitalone.wd1.myworkdayjobs.com,workday
Capitalone,https://capitalone.wd3.myworkdayjobs.com,workday
Capitalone,https://capitalone.wd5.myworkdayjobs.com,workday
Discover,https://discover.wd1.myworkdayjobs.com,workday
Discover,https://discover.wd3.myworkdayjobs.com,workday
Discover,https://discover.wd5.myworkdayjobs.com,workday
Americanexpress,https://americanexpress.wd1.myworkdayjobs.com,workday
Americanexpress,https://americanexpress.wd3.myworkdayjobs.com,workday
Americanexpress,https://americanexpress.wd5.myworkdayjobs.com,workday
Synchrony,https://synchrony.wd1.myworkdayjobs.com,workday
Synchrony,https://synchrony.wd3.myworkdayjobs.com,workday
Synchrony,https://synchrony.wd5.myworkdayjobs.com,workday
Ally,https://ally.wd1.myworkdayjobs.com,workday
Ally,https://ally.wd3.myworkdayjobs.com,workday
Ally,https://ally.wd5.myworkdayjobs.com,workday
Usbank,https://usbank.wd1.myworkdayjobs.com,workday
Usbank,https://usbank.wd3.myworkdayjobs.com,workday
Usbank,https://usbank.wd5.myworkdayjobs.com,workday
Pnc,https://pnc.wd1.myworkdayjobs.com,workday
Pnc,https://pnc.wd3.myworkdayjobs.com,workday
Pnc,https://pnc.wd5.myworkdayjobs.com,workday
Truist,https://truist.wd1.myworkdayjobs.com,workday
Truist,https://truist.wd3.myworkdayjobs.com,workday
Truist,https://truist.wd5.myworkdayjobs.com,workday
Keybank,https://keybank.wd1.myworkdayjobs.com,workday
Keybank,https://keybank.wd3.myworkdayjobs.com,workday
Keybank,https://keybank.wd5.myworkdayjobs.com,workday
Fifththird,https://fifththird.wd1.myworkdayjobs.com,workday
Fifththird,https://fifththird.wd3.myworkdayjobs.com,workday
Fifththird,https://fifththird.wd5.myworkdayjobs.com,workday
Techcloud,https://techcloud.wd1.myworkdayjobs.com,workday
Techcloud,https://techcloud.wd3.myworkdayjobs.com,workday
Techcloud,https://techcloud.wd5.myworkdayjobs.com,workday
Techdata,https://techdata.wd1.myworkdayjobs.com,workday
Techdata,https://techdata.wd3.myworkdayjobs.com,workday
Techdata,https://techdata.wd5.myworkdayjobs.com,workday
Techai,https://techai.wd1.myworkdayjobs.com,workday
Techai,https://techai.wd3.myworkdayjobs.com,workday
Techai,https://techai.wd5.myworkdayjobs.com,workday
Techsystems,https://techsystems.wd1.myworkdayjobs.com,workday
Techsystems,https://techsystems.wd3.myworkdayjobs.com,workday
Techsystems,https://techsystems.wd5.myworkdayjobs.com,workday
Techhealth,https://techhealth.wd1.myworkdayjobs.com,workday
Techhealth,https://techhealth.wd3.myworkdayjobs.com,workday
Techhealth,https://techhealth.wd5.myworkdayjobs.com,workday
Techmed,https://techmed.wd1.myworkdayjobs.com,workday
Techmed,https://techmed.wd3.myworkdayjobs.com,workday
Techmed,https://techmed.wd5.myworkdayjobs.com,workday
Techbio,https://techbio.wd1.myworkdayjobs.com,workday
Techbio,https://techbio.wd3.myworkdayjobs.com,workday
Techbio,https://techbio.wd5.myworkdayjobs.com,workday
Techfinance,https://techfinance.wd1.myworkdayjobs.com,workday
Techfinance,https://techfinance.wd3.myworkdayjobs.com,workday
Techfinance,https://techfinance.wd5.myworkdayjobs.com,workday
Techcapital,https://techcapital.wd1.myworkdayjobs.com,workday
Techcapital,https://techcapital.wd3.myworkdayjobs.com,workday
Techcapital,https://techcapital.wd5.myworkdayjobs.com,workday
Techbank,https://techbank.wd1.myworkdayjobs.com,workday
Techbank,https://techbank.wd3.myworkdayjobs.com,workday
Techbank,https://techbank.wd5.myworkdayjobs.com,workday
Techretail,https://techretail.wd1.myworkdayjobs.com,workday
Techretail,https://techretail.wd3.myworkdayjobs.com,workday
Techretail,https://techretail.wd5.myworkdayjobs.com,workday
Techshop,https://techshop.wd1.myworkdayjobs.com,workday
Techshop,https://techshop.wd3.myworkdayjobs.com,workday
Techshop,https://techshop.wd5.myworkdayjobs.com,workday
Techglobal,https://techglobal.wd1.myworkdayjobs.com,workday
Techglobal,https://techglobal.wd3.myworkdayjobs.com,workday
Techglobal,https://techglobal.wd5.myworkdayjobs.com,workday
Techgroup,https://techgroup.wd1.myworkdayjobs.com,workday
Techgroup,https://techgroup.wd3.myworkdayjobs.com,workday
Techgroup,https://techgroup.wd5.myworkdayjobs.com,workday
Techpartners,https://techpartners.wd1.myworkdayjobs.com,workday
Techpartners,https://techpartners.wd3.myworkdayjobs.com,workday
Techpartners,https://techpartners.wd5.myworkdayjobs.com,workday
Techsolutions,https://techsolutions.wd1.myworkdayjobs.com,workday
Techsolutions,https://techsolutions.wd3.myworkdayjobs.com,workday
Techsolutions,https://techsolutions.wd5.myworkdayjobs.com,workday
Techlabs,https://techlabs.wd1.myworkdayjobs.com,workday
Techlabs,https://techlabs.wd3.myworkdayjobs.com,workday
Techlabs,https://techlabs.wd5.myworkdayjobs.com,workday
Cloudtech,https://cloudtech.wd1.myworkdayjobs.com,workday
Cloudtech,https://cloudtech.wd3.myworkdayjobs.com,workday
Cloudtech,https://cloudtech.wd5.myworkdayjobs.com,workday
Clouddata,https://clouddata.wd1.myworkdayjobs.com,workday
Clouddata,https://clouddata.wd3.myworkdayjobs.com,workday
Clouddata,https://clouddata.wd5.myworkdayjobs.com,workday
Cloudai,https://cloudai.wd1.myworkdayjobs.com,workday
Cloudai,https://cloudai.wd3.myworkdayjobs.com,workday
Cloudai,https://cloudai.wd5.myworkdayjobs.com,workday
Cloudsystems,https://cloudsystems.wd1.myworkdayjobs.com,workday
Cloudsystems,https://cloudsystems.wd3.myworkdayjobs.com,workday
Cloudsystems,https://cloudsystems.wd5.myworkdayjobs.com,workday
Cloudhealth,https://cloudhealth.wd1.myworkdayjobs.com,workday
Cloudhealth,https://cloudhealth.wd3.myworkdayjobs.com,workday
Cloudhealth,https://cloudhealth.wd5.myworkdayjobs.com,workday
Cloudmed,https://cloudmed.wd1.myworkdayjobs.com,workday
Cloudmed,https://cloudmed.wd3.myworkdayjobs.com,workday
Cloudmed,https://cloudmed.wd5.myworkdayjobs.com,workday
Cloudbio,https://cloudbio.wd1.myworkdayjobs.com,workday
Cloudbio,https://cloudbio.wd3.myworkdayjobs.com,workday
Cloudbio,https://cloudbio.wd5.myworkdayjobs.com,workday
Cloudfinance,https://cloudfinance.wd1.myworkdayjobs.com,workday
Cloudfinance,https://cloudfinance.wd3.myworkdayjobs.com,workday
Cloudfinance,https://cloudfinance.wd5.myworkdayjobs.com,workday
Cloudcapital,https://cloudcapital.wd1.myworkdayjobs.com,workday
Cloudcapital,https://cloudcapital.wd3.myworkdayjobs.com,workday
Cloudcapital,https://cloudcapital.wd5.myworkdayjobs.com,workday
Cloudbank,https://cloudbank.wd1.myworkdayjobs.com,workday
Cloudbank,https://cloudbank.wd3.myworkdayjobs.com,workday
Cloudbank,https://cloudbank.wd5.myworkdayjobs.com,workday
Cloudretail,https://cloudretail.wd1.myworkdayjobs.com,workday
Cloudretail,https://cloudretail.wd3.myworkdayjobs.com,workday
Cloudretail,https://cloudretail.wd5.myworkdayjobs.com,workday
Cloudshop,https://cloudshop.wd1.myworkdayjobs.com,workday
Cloudshop,https://cloudshop.wd3.myworkdayjobs.com,workday
Cloudshop,https://cloudshop.wd5.myworkdayjobs.com,workday
Cloudglobal,https://cloudglobal.wd1.myworkdayjobs.com,workday
Cloudglobal,https://cloudglobal.wd3.myworkdayjobs.com,workday
Cloudglobal,https://cloudglobal.wd5.myworkdayjobs.com,workday
Cloudgroup,https://cloudgroup.wd1.myworkdayjobs.com,workday
Cloudgroup,https://cloudgroup.wd3.myworkdayjobs.com,workday
Cloudgroup,https://cloudgroup.wd5.myworkdayjobs.com,workday
Cloudpartners,https://cloudpartners.wd1.myworkdayjobs.com,workday
Cloudpartners,https://cloudpartners.wd3.myworkdayjobs.com,workday
Cloudpartners,https://cloudpartners.wd5.myworkdayjobs.com,workday
Cloudsolutions,https://cloudsolutions.wd1.myworkdayjobs.com,workday
Cloudsolutions,https://cloudsolutions.wd3.myworkdayjobs.com,workday
Cloudsolutions,https://cloudsolutions.wd5.myworkdayjobs.com,workday
Cloudlabs,https://cloudlabs.wd1.myworkdayjobs.com,workday
Cloudlabs,https://cloudlabs.wd3.myworkdayjobs.com,workday
Cloudlabs,https://cloudlabs.wd5.myworkdayjobs.com,workday
Datatech,https://datatech.wd1.myworkdayjobs.com,workday
Datatech,https://datatech.wd3.myworkdayjobs.com,workday
Datatech,https://datatech.wd5.myworkdayjobs.com,workday
Datacloud,https://datacloud.wd1.myworkdayjobs.com,workday
Datacloud,https://datacloud.wd3.myworkdayjobs.com,workday
Datacloud,https://datacloud.wd5.myworkdayjobs.com,workday
Dataai,https://dataai.wd1.myworkdayjobs.com,workday
Dataai,https://dataai.wd3.myworkdayjobs.com,workday
Dataai,https://dataai.wd5.myworkdayjobs.com,workday
Datasystems,https://datasystems.wd1.myworkdayjobs.com,workday
Datasystems,https://datasystems.wd3.myworkdayjobs.com,workday
Datasystems,https://datasystems.wd5.myworkdayjobs.com,workday
Datahealth,https://datahealth.wd1.myworkdayjobs.com,workday
Datahealth,https://datahealth.wd3.myworkdayjobs.com,workday
Datahealth,https://datahealth.wd5.myworkdayjobs.com,workday
Datamed,https://datamed.wd1.myworkdayjobs.com,workday
Datamed,https://datamed.wd3.myworkdayjobs.com,workday
Datamed,https://datamed.wd5.myworkdayjobs.com,workday
Databio,https://databio.wd1.myworkdayjobs.com,workday
Databio,https://databio.wd3.myworkdayjobs.com,workday
Databio,https://databio.wd5.myworkdayjobs.com,workday
Datafinance,https://datafinance.wd1.myworkdayjobs.com,workday
Datafinance,https://datafinance.wd3.myworkdayjobs.com,workday
Datafinance,https://datafinance.wd5.myworkdayjobs.com,workday
Datacapital,https://datacapital.wd1.myworkdayjobs.com,workday
Datacapital,https://datacapital.wd3.myworkdayjobs.com,workday
Datacapital,https://datacapital.wd5.myworkdayjobs.com,workday
Databank,https://databank.wd1.myworkdayjobs.com,workday
Databank,https://databank.wd3.myworkdayjobs.com,workday
Databank,https://databank.wd5.myworkdayjobs.com,workday
Dataretail,https://dataretail.wd1.myworkdayjobs.com,workday
Dataretail,https://dataretail.wd3.myworkdayjobs.com,workday
Dataretail,https://dataretail.wd5.myworkdayjobs.com,workday
Datashop,https://datashop.wd1.myworkdayjobs.com,workday
Datashop,https://datashop.wd3.myworkdayjobs.com,workday
Datashop,https://datashop.wd5.myworkdayjobs.com,workday
Dataglobal,https://dataglobal.wd1.myworkdayjobs.com,workday
Dataglobal,https://dataglobal.wd3.myworkdayjobs.com,workday
Dataglobal,https://dataglobal.wd5.myworkdayjobs.com,workday
Datagroup,https://datagroup.wd1.myworkdayjobs.com,workday
Datagroup,https://datagroup.wd3.myworkdayjobs.com,workday
Datagroup,https://datagroup.wd5.myworkdayjobs.com,workday
Datapartners,https://datapartners.wd1.myworkdayjobs.com,workday
Datapartners,https://datapartners.wd3.myworkdayjobs.com,workday
Datapartners,https://datapartners.wd5.myworkdayjobs.com,workday
Datasolutions,https://datasolutions.wd1.myworkdayjobs.com,workday
Datasolutions,https://datasolutions.wd3.myworkdayjobs.com,workday
Datasolutions,https://datasolutions.wd5.myworkdayjobs.com,workday
Datalabs,https://datalabs.wd1.myworkdayjobs.com,workday
Datalabs,https://datalabs.wd3.myworkdayjobs.com,workday
Datalabs,https://datalabs.wd5.myworkdayjobs.com,workday
Aitech,https://aitech.wd1.myworkdayjobs.com,workday
Aitech,https://aitech.wd3.myworkdayjobs.com,workday
Aitech,https://aitech.wd5.myworkdayjobs.com,workday
Aicloud,https://aicloud.wd1.myworkdayjobs.com,workday
Aicloud,https://aicloud.wd3.myworkdayjobs.com,workday
Aicloud,https://aicloud.wd5.myworkdayjobs.com,workday
Aidata,https://aidata.wd1.myworkdayjobs.com,workday
Aidata,https://aidata.wd3.myworkdayjobs.com,workday
Aidata,https://aidata.wd5.myworkdayjobs.com,workday
Aisystems,https://aisystems.wd1.myworkdayjobs.com,workday
Aisystems,https://aisystems.wd3.myworkdayjobs.com,workday
Aisystems,https://aisystems.wd5.myworkdayjobs.com,workday
Aihealth,https://aihealth.wd1.myworkdayjobs.com,workday
Aihealth,https://aihealth.wd3.myworkdayjobs.com,workday
Aihealth,https://aihealth.wd5.myworkdayjobs.com,workday
Aimed,https://aimed.wd1.myworkdayjobs.com,workday
Aimed,https://aimed.wd3.myworkdayjobs.com,workday
Aimed,https://aimed.wd5.myworkdayjobs.com,workday
Aibio,https://aibio.wd1.myworkdayjobs.com,workday
Aibio,https://aibio.wd3.myworkdayjobs.com,workday
Aibio,https://aibio.wd5.myworkdayjobs.com,workday
Aifinance,https://aifinance.wd1.myworkdayjobs.com,workday
Aifinance,https://aifinance.wd3.myworkdayjobs.com,workday
Aifinance,https://aifinance.wd5.myworkdayjobs.com,workday
Aicapital,https://aicapital.wd1.myworkdayjobs.com,workday
Aicapital,https://aicapital.wd3.myworkdayjobs.com,workday
Aicapital,https://aicapital.wd5.myworkdayjobs.com,workday
Aibank,https://aibank.wd1.myworkdayjobs.com,workday
Aibank,https://aibank.wd3.myworkdayjobs.com,workday
Aibank,https://aibank.wd5.myworkdayjobs.com,workday
Airetail,https://airetail.wd1.myworkdayjobs.com,workday
Airetail,https://airetail.wd3.myworkdayjobs.com,workday
Airetail,https://airetail.wd5.myworkdayjobs.com,workday
Aishop,https://aishop.wd1.myworkdayjobs.com,workday
Aishop,https://aishop.wd3.myworkdayjobs.com,workday
Aishop,https://aishop.wd5.myworkdayjobs.com,workday
Aiglobal,https://aiglobal.wd1.myworkdayjobs.com,workday
Aiglobal,https://aiglobal.wd3.myworkdayjobs.com,workday
Aiglobal,https://aiglobal.wd5.myworkdayjobs.com,workday
Aigroup,https://aigroup.wd1.myworkdayjobs.com,workday
Aigroup,https://aigroup.wd3.myworkdayjobs.com,workday
Aigroup,https://aigroup.wd5.myworkdayjobs.com,workday
Aipartners,https://aipartners.wd1.myworkdayjobs.com,workday
Aipartners,https://aipartners.wd3.myworkdayjobs.com,workday
Aipartners,https://aipartners.wd5.myworkdayjobs.com,workday
Aisolutions,https://aisolutions.wd1.myworkdayjobs.com,workday
Aisolutions,https://aisolutions.wd3.myworkdayjobs.com,workday
Aisolutions,https://aisolutions.wd5.myworkdayjobs.com,workday
Ailabs,https://ailabs.wd1.myworkdayjobs.com,workday
Ailabs,https://ailabs.wd3.myworkdayjobs.com,workday
Ailabs,https://ailabs.wd5.myworkdayjobs.com,workday
Systemstech,https://systemstech.wd1.myworkdayjobs.com,workday
Systemstech,https://systemstech.wd3.myworkdayjobs.com,workday
Systemstech,https://systemstech.wd5.myworkdayjobs.com,workday
Systemscloud,https://systemscloud.wd1.myworkdayjobs.com,workday
Systemscloud,https://systemscloud.wd3.myworkdayjobs.com,workday
Systemscloud,https://systemscloud.wd5.myworkdayjobs.com,workday
Systemsdata,https://systemsdata.wd1.myworkdayjobs.com,workday
Systemsdata,https://systemsdata.wd3.myworkdayjobs.com,workday
Systemsdata,https://systemsdata.wd5.myworkdayjobs.com,workday
Systemsai,https://systemsai.wd1.myworkdayjobs.com,workday
Systemsai,https://systemsai.wd3.myworkdayjobs.com,workday
Systemsai,https://systemsai.wd5.myworkdayjobs.com,workday
Systemshealth,https://systemshealth.wd1.myworkdayjobs.com,workday
Systemshealth,https://systemshealth.wd3.myworkdayjobs.com,workday
Systemshealth,https://systemshealth.wd5.myworkdayjobs.com,workday
Systemsmed,https://systemsmed.wd1.myworkdayjobs.com,workday
Systemsmed,https://systemsmed.wd3.myworkdayjobs.com,workday
Systemsmed,https://systemsmed.wd5.myworkdayjobs.com,workday
Systemsbio,https://systemsbio.wd1.myworkdayjobs.com,workday
Systemsbio,https://systemsbio.wd3.myworkdayjobs.com,workday
Systemsbio,https://systemsbio.wd5.myworkdayjobs.com,workday
Systemsfinance,https://systemsfinance.wd1.myworkdayjobs.com,workday
Systemsfinance,https://systemsfinance.wd3.myworkdayjobs.com,workday
Systemsfinance,https://systemsfinance.wd5.myworkdayjobs.com,workday
Systemscapital,https://systemscapital.wd1.myworkdayjobs.com,workday
Systemscapital,https://systemscapital.wd3.myworkdayjobs.com,workday
Systemscapital,https://systemscapital.wd5.myworkdayjobs.com,workday
Systemsbank,https://systemsbank.wd1.myworkdayjobs.com,workday
Systemsbank,https://systemsbank.wd3.myworkdayjobs.com,workday
Systemsbank,https://systemsbank.wd5.myworkdayjobs.com,workday
Systemsretail,https://systemsretail.wd1.myworkdayjobs.com,workday
Systemsretail,https://systemsretail.wd3.myworkdayjobs.com,workday
Systemsretail,https://systemsretail.wd5.myworkdayjobs.com,workday
Systemsshop,https://systemsshop.wd1.myworkdayjobs.com,workday
Systemsshop,https://systemsshop.wd3.myworkdayjobs.com,workday
Systemsshop,https://systemsshop.wd5.myworkdayjobs.com,workday
Systemsglobal,https://systemsglobal.wd1.myworkdayjobs.com,workday
Systemsglobal,https://systemsglobal.wd3.myworkdayjobs.com,workday
Systemsglobal,https://systemsglobal.wd5.myworkdayjobs.com,workday
Systemsgroup,https://systemsgroup.wd1.myworkdayjobs.com,workday
Systemsgroup,https://systemsgroup.wd3.myworkdayjobs.com,workday
Systemsgroup,https://systemsgroup.wd5.myworkdayjobs.com,workday
Systemspartners,https://systemspartners.wd1.myworkdayjobs.com,workday
Systemspartners,https://systemspartners.wd3.myworkdayjobs.com,workday
Systemspartners,https://systemspartners.wd5.myworkdayjobs.com,workday
Systemssolutions,https://systemssolutions.wd1.myworkdayjobs.com,workday
Systemssolutions,https://systemssolutions.wd3.myworkdayjobs.com,workday
Systemssolutions,https://systemssolutions.wd5.myworkdayjobs.com,workday
Systemslabs,https://systemslabs.wd1.myworkdayjobs.com,workday
Systemslabs,https://systemslabs.wd3.myworkdayjobs.com,workday
Systemslabs,https://systemslabs.wd5.myworkdayjobs.com,workday
Healthtech,https://healthtech.wd1.myworkdayjobs.com,workday
Healthtech,https://healthtech.wd3.myworkdayjobs.com,workday
Healthtech,https://healthtech.wd5.myworkdayjobs.com,workday
Healthcloud,https://healthcloud.wd1.myworkdayjobs.com,workday
Healthcloud,https://healthcloud.wd3.myworkdayjobs.com,workday
Healthcloud,https://healthcloud.wd5.myworkdayjobs.com,workday
Healthdata,https://healthdata.wd1.myworkdayjobs.com,workday
Healthdata,https://healthdata.wd3.myworkdayjobs.com,workday
Healthdata,https://healthdata.wd5.myworkdayjobs.com,workday
Healthai,https://healthai.wd1.myworkdayjobs.com,workday
Healthai,https://healthai.wd3.myworkdayjobs.com,workday
Healthai,https://healthai.wd5.myworkdayjobs.com,workday
Healthsystems,https://healthsystems.wd1.myworkdayjobs.com,workday
Healthsystems,https://healthsystems.wd3.myworkdayjobs.com,workday
Healthsystems,https://healthsystems.wd5.myworkdayjobs.com,workday
Healthmed,https://healthmed.wd1.myworkdayjobs.com,workday
Healthmed,https://healthmed.wd3.myworkdayjobs.com,workday
Healthmed,https://healthmed.wd5.myworkdayjobs.com,workday
Healthbio,https://healthbio.wd1.myworkdayjobs.com,workday
Healthbio,https://healthbio.wd3.myworkdayjobs.com,workday
Healthbio,https://healthbio.wd5.myworkdayjobs.com,workday
Healthfinance,https://healthfinance.wd1.myworkdayjobs.com,workday
Healthfinance,https://healthfinance.wd3.myworkdayjobs.com,workday
Healthfinance,https://healthfinance.wd5.myworkdayjobs.com,workday
Healthcapital,https://healthcapital.wd1.myworkdayjobs.com,workday
Healthcapital,https://healthcapital.wd3.myworkdayjobs.com,workday
Healthcapital,https://healthcapital.wd5.myworkdayjobs.com,workday
Healthbank,https://healthbank.wd1.myworkdayjobs.com,workday
Healthbank,https://healthbank.wd3.myworkdayjobs.com,workday
Healthbank,https://healthbank.wd5.myworkdayjobs.com,workday
Healthretail,https://healthretail.wd1.myworkdayjobs.com,workday
Healthretail,https://healthretail.wd3.myworkdayjobs.com,workday
Healthretail,https://healthretail.wd5.myworkdayjobs.com,workday
Healthshop,https://healthshop.wd1.myworkdayjobs.com,workday
Healthshop,https://healthshop.wd3.myworkdayjobs.com,workday
Healthshop,https://healthshop.wd5.myworkdayjobs.com,workday
Healthglobal,https://healthglobal.wd1.myworkdayjobs.com,workday
Healthglobal,https://healthglobal.wd3.myworkdayjobs.com,workday
Healthglobal,https://healthglobal.wd5.myworkdayjobs.com,workday
Healthgroup,https://healthgroup.wd1.myworkdayjobs.com,workday
Healthgroup,https://healthgroup.wd3.myworkdayjobs.com,workday
Healthgroup,https://healthgroup.wd5.myworkdayjobs.com,workday
Healthpartners,https://healthpartners.wd1.myworkdayjobs.com,workday
Healthpartners,https://healthpartners.wd3.myworkdayjobs.com,workday
Healthpartners,https://healthpartners.wd5.myworkdayjobs.com,workday
Healthsolutions,https://healthsolutions.wd1.myworkdayjobs.com,workday
Healthsolutions,https://healthsolutions.wd3.myworkdayjobs.com,workday
Healthsolutions,https://healthsolutions.wd5.myworkdayjobs.com,workday
Healthlabs,https://healthlabs.wd1.myworkdayjobs.com,workday
Healthlabs,https://healthlabs.wd3.myworkdayjobs.com,workday
Healthlabs,https://healthlabs.wd5.myworkdayjobs.com,workday
Medtech,https://medtech.wd1.myworkdayjobs.com,workday
Medtech,https://medtech.wd3.myworkdayjobs.com,workday
Medtech,https://medtech.wd5.myworkdayjobs.com,workday
Medcloud,https://medcloud.wd1.myworkdayjobs.com,workday
Medcloud,https://medcloud.wd3.myworkdayjobs.com,workday
Medcloud,https://medcloud.wd5.myworkdayjobs.com,workday
Meddata,https://meddata.wd1.myworkdayjobs.com,workday
Meddata,https://meddata.wd3.myworkdayjobs.com,workday
Meddata,https://meddata.wd5.myworkdayjobs.com,workday
Medai,https://medai.wd1.myworkdayjobs.com,workday
Medai,https://medai.wd3.myworkdayjobs.com,workday
Medai,https://medai.wd5.myworkdayjobs.com,workday
Medsystems,https://medsystems.wd1.myworkdayjobs.com,workday
Medsystems,https://medsystems.wd3.myworkdayjobs.com,workday
Medsystems,https://medsystems.wd5.myworkdayjobs.com,workday
Medhealth,https://medhealth.wd1.myworkdayjobs.com,workday
Medhealth,https://medhealth.wd3.myworkdayjobs.com,workday
Medhealth,https://medhealth.wd5.myworkdayjobs.com,workday
Medbio,https://medbio.wd1.myworkdayjobs.com,workday
Medbio,https://medbio.wd3.myworkdayjobs.com,workday
Medbio,https://medbio.wd5.myworkdayjobs.com,workday
Medfinance,https://medfinance.wd1.myworkdayjobs.com,workday
Medfinance,https://medfinance.wd3.myworkdayjobs.com,workday
Medfinance,https://medfinance.wd5.myworkdayjobs.com,workday
Medcapital,https://medcapital.wd1.myworkdayjobs.com,workday
Medcapital,https://medcapital.wd3.myworkdayjobs.com,workday
Medcapital,https://medcapital.wd5.myworkdayjobs.com,workday
Medbank,https://medbank.wd1.myworkdayjobs.com,workday
Medbank,https://medbank.wd3.myworkdayjobs.com,workday
Medbank,https://medbank.wd5.myworkdayjobs.com,workday
Medretail,https://medretail.wd1.myworkdayjobs.com,workday
Medretail,https://medretail.wd3.myworkdayjobs.com,workday
Medretail,https://medretail.wd5.myworkdayjobs.com,workday
Medshop,https://medshop.wd1.myworkdayjobs.com,workday
Medshop,https://medshop.wd3.myworkdayjobs.com,workday
Medshop,https://medshop.wd5.myworkdayjobs.com,workday
Medglobal,https://medglobal.wd1.myworkdayjobs.com,workday
Medglobal,https://medglobal.wd3.myworkdayjobs.com,workday
Medglobal,https://medglobal.wd5.myworkdayjobs.com,workday
Medgroup,https://medgroup.wd1.myworkdayjobs.com,workday
Medgroup,https://medgroup.wd3.myworkdayjobs.com,workday
Medgroup,https://medgroup.wd5.myworkdayjobs.com,workday
Medpartners,https://medpartners.wd1.myworkdayjobs.com,workday
Medpartners,https://medpartners.wd3.myworkdayjobs.com,workday
Medpartners,https://medpartners.wd5.myworkdayjobs.com,workday
Medsolutions,https://medsolutions.wd1.myworkdayjobs.com,workday
Medsolutions,https://medsolutions.wd3.myworkdayjobs.com,workday
Medsolutions,https://medsolutions.wd5.myworkdayjobs.com,workday
Medlabs,https://medlabs.wd1.myworkdayjobs.com,workday
Medlabs,https://medlabs.wd3.myworkdayjobs.com,workday
Medlabs,https://medlabs.wd5.myworkdayjobs.com,workday
Biotech,https://biotech.wd1.myworkdayjobs.com,workday
Biotech,https://biotech.wd3.myworkdayjobs.com,workday
Biotech,https://biotech.wd5.myworkdayjobs.com,workday
Biocloud,https://biocloud.wd1.myworkdayjobs.com,workday
Biocloud,https://biocloud.wd3.myworkdayjobs.com,workday
Biocloud,https://biocloud.wd5.myworkdayjobs.com,workday
Biodata,https://biodata.wd1.myworkdayjobs.com,workday
Biodata,https://biodata.wd3.myworkdayjobs.com,workday
Biodata,https://biodata.wd5.myworkdayjobs.com,workday
Bioai,https://bioai.wd1.myworkdayjobs.com,workday
Bioai,https://bioai.wd3.myworkdayjobs.com,workday
Bioai,https://bioai.wd5.myworkdayjobs.com,workday
Biosystems,https://biosystems.wd1.myworkdayjobs.com,workday
Biosystems,https://biosystems.wd3.myworkdayjobs.com,workday
Biosystems,https://biosystems.wd5.myworkdayjobs.com,workday
Biohealth,https://biohealth.wd1.myworkdayjobs.com,workday
Biohealth,https://biohealth.wd3.myworkdayjobs.com,workday
Biohealth,https://biohealth.wd5.myworkdayjobs.com,workday
Biomed,https://biomed.wd1.myworkdayjobs.com,workday
Biomed,https://biomed.wd3.myworkdayjobs.com,workday
Biomed,https://biomed.wd5.myworkdayjobs.com,workday
Biofinance,https://biofinance.wd1.myworkdayjobs.com,workday
Biofinance,https://biofinance.wd3.myworkdayjobs.com,workday
Biofinance,https://biofinance.wd5.myworkdayjobs.com,workday
Biocapital,https://biocapital.wd1.myworkdayjobs.com,workday
Biocapital,https://biocapital.wd3.myworkdayjobs.com,workday
Biocapital,https://biocapital.wd5.myworkdayjobs.com,workday
Biobank,https://biobank.wd1.myworkdayjobs.com,workday
Biobank,https://biobank.wd3.myworkdayjobs.com,workday
Biobank,https://biobank.wd5.myworkdayjobs.com,workday
Bioretail,https://bioretail.wd1.myworkdayjobs.com,workday
Bioretail,https://bioretail.wd3.myworkdayjobs.com,workday
Bioretail,https://bioretail.wd5.myworkdayjobs.com,workday
Bioshop,https://bioshop.wd1.myworkdayjobs.com,workday
Bioshop,https://bioshop.wd3.myworkdayjobs.com,workday
Bioshop,https://bioshop.wd5.myworkdayjobs.com,workday
Bioglobal,https://bioglobal.wd1.myworkdayjobs.com,workday
Bioglobal,https://bioglobal.wd3.myworkdayjobs.com,workday
Bioglobal,https://bioglobal.wd5.myworkdayjobs.com,workday
Biogroup,https://biogroup.wd1.myworkdayjobs.com,workday
Biogroup,https://biogroup.wd3.myworkdayjobs.com,workday
Biogroup,https://biogroup.wd5.myworkdayjobs.com,workday
Biopartners,https://biopartners.wd1.myworkdayjobs.com,workday
Biopartners,https://biopartners.wd3.myworkdayjobs.com,workday
Biopartners,https://biopartners.wd5.myworkdayjobs.com,workday
Biosolutions,https://biosolutions.wd1.myworkdayjobs.com,workday
Biosolutions,https://biosolutions.wd3.myworkdayjobs.com,workday
Biosolutions,https://biosolutions.wd5.myworkdayjobs.com,workday
Biolabs,https://biolabs.wd1.myworkdayjobs.com,workday
Biolabs,https://biolabs.wd3.myworkdayjobs.com,workday
Biolabs,https://biolabs.wd5.myworkdayjobs.com,workday
Financetech,https://financetech.wd1.myworkdayjobs.com,workday
Financetech,https://financetech.wd3.myworkdayjobs.com,workday
Financetech,https://financetech.wd5.myworkdayjobs.com,workday
Financecloud,https://financecloud.wd1.myworkdayjobs.com,workday
Financecloud,https://financecloud.wd3.myworkdayjobs.com,workday
Financecloud,https://financecloud.wd5.myworkdayjobs.com,workday
Financedata,https://financedata.wd1.myworkdayjobs.com,workday
Financedata,https://financedata.wd3.myworkdayjobs.com,workday
Financedata,https://financedata.wd5.myworkdayjobs.com,workday
Financeai,https://financeai.wd1.myworkdayjobs.com,workday
Financeai,https://financeai.wd3.myworkdayjobs.com,workday
Financeai,https://financeai.wd5.myworkdayjobs.com,workday
Financesystems,https://financesystems.wd1.myworkdayjobs.com,workday
Financesystems,https://financesystems.wd3.myworkdayjobs.com,workday
Financesystems,https://financesystems.wd5.myworkdayjobs.com,workday
Financehealth,https://financehealth.wd1.myworkdayjobs.com,workday
Financehealth,https://financehealth.wd3.myworkdayjobs.com,workday
Financehealth,https://financehealth.wd5.myworkdayjobs.com,workday
Financemed,https://financemed.wd1.myworkdayjobs.com,workday
Financemed,https://financemed.wd3.myworkdayjobs.com,workday
Financemed,https://financemed.wd5.myworkdayjobs.com,workday
Financebio,https://financebio.wd1.myworkdayjobs.com,workday
Financebio,https://financebio.wd3.myworkdayjobs.com,workday
Financebio,https://financebio.wd5.myworkdayjobs.com,workday
Financecapital,https://financecapital.wd1.myworkdayjobs.com,workday
Financecapital,https://financecapital.wd3.myworkdayjobs.com,workday
Financecapital,https://financecapital.wd5.myworkdayjobs.com,workday
Financebank,https://financebank.wd1.myworkdayjobs.com,workday
Financebank,https://financebank.wd3.myworkdayjobs.com,workday
Financebank,https://financebank.wd5.myworkdayjobs.com,workday
Financeretail,https://financeretail.wd1.myworkdayjobs.com,workday
Financeretail,https://financeretail.wd3.myworkdayjobs.com,workday
Financeretail,https://financeretail.wd5.myworkdayjobs.com,workday
Financeshop,https://financeshop.wd1.myworkdayjobs.com,workday
Financeshop,https://financeshop.wd3.myworkdayjobs.com,workday
Financeshop,https://financeshop.wd5.myworkdayjobs.com,workday
Financeglobal,https://financeglobal.wd1.myworkdayjobs.com,workday
Financeglobal,https://financeglobal.wd3.myworkdayjobs.com,workday
Financeglobal,https://financeglobal.wd5.myworkdayjobs.com,workday
Financegroup,https://financegroup.wd1.myworkdayjobs.com,workday
Financegroup,https://financegroup.wd3.myworkdayjobs.com,workday
Financegroup,https://financegroup.wd5.myworkdayjobs.com,workday
Financepartners,https://financepartners.wd1.myworkdayjobs.com,workday
Financepartners,https://financepartners.wd3.myworkdayjobs.com,workday
Financepartners,https://financepartners.wd5.myworkdayjobs.com,workday
Financesolutions,https://financesolutions.wd1.myworkdayjobs.com,workday
Financesolutions,https://financesolutions.wd3.myworkdayjobs.com,workday
Financesolutions,https://financesolutions.wd5.myworkdayjobs.com,workday
Financelabs,https://financelabs.wd1.myworkdayjobs.com,workday
Financelabs,https://financelabs.wd3.myworkdayjobs.com,workday
Financelabs,https://financelabs.wd5.myworkdayjobs.com,workday
Capitaltech,https://capitaltech.wd1.myworkdayjobs.com,workday
Capitaltech,https://capitaltech.wd3.myworkdayjobs.com,workday
Capitaltech,https://capitaltech.wd5.myworkdayjobs.com,workday
Capitalcloud,https://capitalcloud.wd1.myworkdayjobs.com,workday
Capitalcloud,https://capitalcloud.wd3.myworkdayjobs.com,workday
Capitalcloud,https://capitalcloud.wd5.myworkdayjobs.com,workday
Capitaldata,https://capitaldata.wd1.myworkdayjobs.com,workday
Capitaldata,https://capitaldata.wd3.myworkdayjobs.com,workday
Capitaldata,https://capitaldata.wd5.myworkdayjobs.com,workday
Capitalai,https://capitalai.wd1.myworkdayjobs.com,workday
Capitalai,https://capitalai.wd3.myworkdayjobs.com,workday
Capitalai,https://capitalai.wd5.myworkdayjobs.com,workday
Capitalsystems,https://capitalsystems.wd1.myworkdayjobs.com,workday
Capitalsystems,https://capitalsystems.wd3.myworkdayjobs.com,workday
Capitalsystems,https://capitalsystems.wd5.myworkdayjobs.com,workday
Capitalhealth,https://capitalhealth.wd1.myworkdayjobs.com,workday
Capitalhealth,https://capitalhealth.wd3.myworkdayjobs.com,workday
Capitalhealth,https://capitalhealth.wd5.myworkdayjobs.com,workday
Capitalmed,https://capitalmed.wd1.myworkdayjobs.com,workday
Capitalmed,https://capitalmed.wd3.myworkdayjobs.com,workday
Capitalmed,https://capitalmed.wd5.myworkdayjobs.com,workday
Capitalbio,https://capitalbio.wd1.myworkdayjobs.com,workday
Capitalbio,https://capitalbio.wd3.myworkdayjobs.com,workday
Capitalbio,https://capitalbio.wd5.myworkdayjobs.com,workday
Capitalfinance,https://capitalfinance.wd1.myworkdayjobs.com,workday
Capitalfinance,https://capitalfinance.wd3.myworkdayjobs.com,workday
Capitalfinance,https://capitalfinance.wd5.myworkdayjobs.com,workday
Capitalbank,https://capitalbank.wd1.myworkdayjobs.com,workday
Capitalbank,https://capitalbank.wd3.myworkdayjobs.com,workday
Capitalbank,https://capitalbank.wd5.myworkdayjobs.com,workday
Capitalretail,https://capitalretail.wd1.myworkdayjobs.com,workday
Capitalretail,https://capitalretail.wd3.myworkdayjobs.com,workday
Capitalretail,https://capitalretail.wd5.myworkdayjobs.com,workday
Capitalshop,https://capitalshop.wd1.myworkdayjobs.com,workday
Capitalshop,https://capitalshop.wd3.myworkdayjobs.com,workday
Capitalshop,https://capitalshop.wd5.myworkdayjobs.com,workday
Capitalglobal,https://capitalglobal.wd1.myworkdayjobs.com,workday
Capitalglobal,https://capitalglobal.wd3.myworkdayjobs.com,workday
Capitalglobal,https://capitalglobal.wd5.myworkdayjobs.com,workday
Capitalgroup,https://capitalgroup.wd1.myworkdayjobs.com,workday
Capitalgroup,https://capitalgroup.wd3.myworkdayjobs.com,workday
Capitalgroup,https://capitalgroup.wd5.myworkdayjobs.com,workday
Capitalpartners,https://capitalpartners.wd1.myworkdayjobs.com,workday
Capitalpartners,https://capitalpartners.wd3.myworkdayjobs.com,workday
Capitalpartners,https://capitalpartners.wd5.myworkdayjobs.com,workday
Capitalsolutions,https://capitalsolutions.wd1.myworkdayjobs.com,workday
Capitalsolutions,https://capitalsolutions.wd3.myworkdayjobs.com,workday
Capitalsolutions,https://capitalsolutions.wd5.myworkdayjobs.com,workday
Capitallabs,https://capitallabs.wd1.myworkdayjobs.com,workday
Capitallabs,https://capitallabs.wd3.myworkdayjobs.com,workday
Capitallabs,https://capitallabs.wd5.myworkdayjobs.com,workday
Banktech,https://banktech.wd1.myworkdayjobs.com,workday
Banktech,https://banktech.wd3.myworkdayjobs.com,workday
Banktech,https://banktech.wd5.myworkdayjobs.com,workday
Bankcloud,https://bankcloud.wd1.myworkdayjobs.com,workday
Bankcloud,https://bankcloud.wd3.myworkdayjobs.com,workday
Bankcloud,https://bankcloud.wd5.myworkdayjobs.com,workday
Bankdata,https://bankdata.wd1.myworkdayjobs.com,workday
Bankdata,https://bankdata.wd3.myworkdayjobs.com,workday
Bankdata,https://bankdata.wd5.myworkdayjobs.com,workday
Bankai,https://bankai.wd1.myworkdayjobs.com,workday
Bankai,https://bankai.wd3.myworkdayjobs.com,workday
Bankai,https://bankai.wd5.myworkdayjobs.com,workday
Banksystems,https://banksystems.wd1.myworkdayjobs.com,workday
Banksystems,https://banksystems.wd3.myworkdayjobs.com,workday
Banksystems,https://banksystems.wd5.myworkdayjobs.com,workday
Bankhealth,https://bankhealth.wd1.myworkdayjobs.com,workday
Bankhealth,https://bankhealth.wd3.myworkdayjobs.com,workday
Bankhealth,https://bankhealth.wd5.myworkdayjobs.com,workday
Bankmed,https://bankmed.wd1.myworkdayjobs.com,workday
Bankmed,https://bankmed.wd3.myworkdayjobs.com,workday
Bankmed,https://bankmed.wd5.myworkdayjobs.com,workday
Bankbio,https://bankbio.wd1.myworkdayjobs.com,workday
Bankbio,https://bankbio.wd3.myworkdayjobs.com,workday
Bankbio,https://bankbio.wd5.myworkdayjobs.com,workday
Bankfinance,https://bankfinance.wd1.myworkdayjobs.com,workday
Bankfinance,https://bankfinance.wd3.myworkdayjobs.com,workday
Bankfinance,https://bankfinance.wd5.myworkdayjobs.com,workday
Bankcapital,https://bankcapital.wd1.myworkdayjobs.com,workday
Bankcapital,https://bankcapital.wd3.myworkdayjobs.com,workday
Bankcapital,https://bankcapital.wd5.myworkdayjobs.com,workday
Bankretail,https://bankretail.wd1.myworkdayjobs.com,workday
Bankretail,https://bankretail.wd3.myworkdayjobs.com,workday
Bankretail,https://bankretail.wd5.myworkdayjobs.com,workday
Bankshop,https://bankshop.wd1.myworkdayjobs.com,workday
Bankshop,https://bankshop.wd3.myworkdayjobs.com,workday
Bankshop,https://bankshop.wd5.myworkdayjobs.com,workday
Bankglobal,https://bankglobal.wd1.myworkdayjobs.com,workday
Bankglobal,https://bankglobal.wd3.myworkdayjobs.com,workday
Bankglobal,https://bankglobal.wd5.myworkdayjobs.com,workday
Bankgroup,https://bankgroup.wd1.myworkdayjobs.com,workday
Bankgroup,https://bankgroup.wd3.myworkdayjobs.com,workday
Bankgroup,https://bankgroup.wd5.myworkdayjobs.com,workday
Bankpartners,https://bankpartners.wd1.myworkdayjobs.com,workday
Bankpartners,https://bankpartners.wd3.myworkdayjobs.com,workday
Bankpartners,https://bankpartners.wd5.myworkdayjobs.com,workday
Banksolutions,https://banksolutions.wd1.myworkdayjobs.com,workday
Banksolutions,https://banksolutions.wd3.myworkdayjobs.com,workday
Banksolutions,https://banksolutions.wd5.myworkdayjobs.com,workday
Banklabs,https://banklabs.wd1.myworkdayjobs.com,workday
Banklabs,https://banklabs.wd3.myworkdayjobs.com,workday
Banklabs,https://banklabs.wd5.myworkdayjobs.com,workday
Retailtech,https://retailtech.wd1.myworkdayjobs.com,workday
Retailtech,https://retailtech.wd3.myworkdayjobs.com,workday
Retailtech,https://retailtech.wd5.myworkdayjobs.com,workday
Retailcloud,https://retailcloud.wd1.myworkdayjobs.com,workday
Retailcloud,https://retailcloud.wd3.myworkdayjobs.com,workday
Retailcloud,https://retailcloud.wd5.myworkdayjobs.com,workday
Retaildata,https://retaildata.wd1.myworkdayjobs.com,workday
Retaildata,https://retaildata.wd3.myworkdayjobs.com,workday
Retaildata,https://retaildata.wd5.myworkdayjobs.com,workday
Retailai,https://retailai.wd1.myworkdayjobs.com,workday
Retailai,https://retailai.wd3.myworkdayjobs.com,workday
Retailai,https://retailai.wd5.myworkdayjobs.com,workday
Retailsystems,https://retailsystems.wd1.myworkdayjobs.com,workday
Retailsystems,https://retailsystems.wd3.myworkdayjobs.com,workday
Retailsystems,https://retailsystems.wd5.myworkdayjobs.com,workday
Retailhealth,https://retailhealth.wd1.myworkdayjobs.com,workday
Retailhealth,https://retailhealth.wd3.myworkdayjobs.com,workday
Retailhealth,https://retailhealth.wd5.myworkdayjobs.com,workday
Retailmed,https://retailmed.wd1.myworkdayjobs.com,workday
Retailmed,https://retailmed.wd3.myworkdayjobs.com,workday
Retailmed,https://retailmed.wd5.myworkdayjobs.com,workday
Retailbio,https://retailbio.wd1.myworkdayjobs.com,workday
Retailbio,https://retailbio.wd3.myworkdayjobs.com,workday
Retailbio,https://retailbio.wd5.myworkdayjobs.com,workday
Retailfinance,https://retailfinance.wd1.myworkdayjobs.com,workday
Retailfinance,https://retailfinance.wd3.myworkdayjobs.com,workday
Retailfinance,https://retailfinance.wd5.myworkdayjobs.com,workday
Retailcapital,https://retailcapital.wd1.myworkdayjobs.com,workday
Retailcapital,https://retailcapital.wd3.myworkdayjobs.com,workday
Retailcapital,https://retailcapital.wd5.myworkdayjobs.com,workday
Retailbank,https://retailbank.wd1.myworkdayjobs.com,workday
Retailbank,https://retailbank.wd3.myworkdayjobs.com,workday
Retailbank,https://retailbank.wd5.myworkdayjobs.com,workday
Retailshop,https://retailshop.wd1.myworkdayjobs.com,workday
Retailshop,https://retailshop.wd3.myworkdayjobs.com,workday
Retailshop,https://retailshop.wd5.myworkdayjobs.com,workday
Retailglobal,https://retailglobal.wd1.myworkdayjobs.com,workday
Retailglobal,https://retailglobal.wd3.myworkdayjobs.com,workday
Retailglobal,https://retailglobal.wd5.myworkdayjobs.com,workday
Retailgroup,https://retailgroup.wd1.myworkdayjobs.com,workday
Retailgroup,https://retailgroup.wd3.myworkdayjobs.com,workday
Retailgroup,https://retailgroup.wd5.myworkdayjobs.com,workday
Retailpartners,https://retailpartners.wd1.myworkdayjobs.com,workday
Retailpartners,https://retailpartners.wd3.myworkdayjobs.com,workday
Retailpartners,https://retailpartners.wd5.myworkdayjobs.com,workday
Retailsolutions,https://retailsolutions.wd1.myworkdayjobs.com,workday
Retailsolutions,https://retailsolutions.wd3.myworkdayjobs.com,workday
Retailsolutions,https://retailsolutions.wd5.myworkdayjobs.com,workday
Retaillabs,https://retaillabs.wd1.myworkdayjobs.com,workday
Retaillabs,https://retaillabs.wd3.myworkdayjobs.com,workday
Retaillabs,https://retaillabs.wd5.myworkdayjobs.com,workday
Shoptech,https://shoptech.wd1.myworkdayjobs.com,workday
Shoptech,https://shoptech.wd3.myworkdayjobs.com,workday
Shoptech,https://shoptech.wd5.myworkdayjobs.com,workday
Shopcloud,https://shopcloud.wd1.myworkdayjobs.com,workday
Shopcloud,https://shopcloud.wd3.myworkdayjobs.com,workday
Shopcloud,https://shopcloud.wd5.myworkdayjobs.com,workday
Shopdata,https://shopdata.wd1.myworkdayjobs.com,workday
Shopdata,https://shopdata.wd3.myworkdayjobs.com,workday
Shopdata,https://shopdata.wd5.myworkdayjobs.com,workday
Shopai,https://shopai.wd1.myworkdayjobs.com,workday
Shopai,https://shopai.wd3.myworkdayjobs.com,workday
Shopai,https://shopai.wd5.myworkdayjobs.com,workday
Shopsystems,https://shopsystems.wd1.myworkdayjobs.com,workday
Shopsystems,https://shopsystems.wd3.myworkdayjobs.com,workday
Shopsystems,https://shopsystems.wd5.myworkdayjobs.com,workday
Shophealth,https://shophealth.wd1.myworkdayjobs.com,workday
Shophealth,https://shophealth.wd3.myworkdayjobs.com,workday
Shophealth,https://shophealth.wd5.myworkdayjobs.com,workday
Shopmed,https://shopmed.wd1.myworkdayjobs.com,workday
Shopmed,https://shopmed.wd3.myworkdayjobs.com,workday
Shopmed,https://shopmed.wd5.myworkdayjobs.com,workday
Shopbio,https://shopbio.wd1.myworkdayjobs.com,workday
Shopbio,https://shopbio.wd3.myworkdayjobs.com,workday
Shopbio,https://shopbio.wd5.myworkdayjobs.com,workday
Shopfinance,https://shopfinance.wd1.myworkdayjobs.com,workday
Shopfinance,https://shopfinance.wd3.myworkdayjobs.com,workday
Shopfinance,https://shopfinance.wd5.myworkdayjobs.com,workday
Shopcapital,https://shopcapital.wd1.myworkdayjobs.com,workday
Shopcapital,https://shopcapital.wd3.myworkdayjobs.com,workday
Shopcapital,https://shopcapital.wd5.myworkdayjobs.com,workday
Shopbank,https://shopbank.wd1.myworkdayjobs.com,workday
Shopbank,https://shopbank.wd3.myworkdayjobs.com,workday
Shopbank,https://shopbank.wd5.myworkdayjobs.com,workday
Shopretail,https://shopretail.wd1.myworkdayjobs.com,workday
Shopretail,https://shopretail.wd3.myworkdayjobs.com,workday
Shopretail,https://shopretail.wd5.myworkdayjobs.com,workday
Shopglobal,https://shopglobal.wd1.myworkdayjobs.com,workday
Shopglobal,https://shopglobal.wd3.myworkdayjobs.com,workday
Shopglobal,https://shopglobal.wd5.myworkdayjobs.com,workday
Shopgroup,https://shopgroup.wd1.myworkdayjobs.com,workday
Shopgroup,https://shopgroup.wd3.myworkdayjobs.com,workday
Shopgroup,https://shopgroup.wd5.myworkdayjobs.com,workday
Shoppartners,https://shoppartners.wd1.myworkdayjobs.com,workday
Shoppartners,https://shoppartners.wd3.myworkdayjobs.com,workday
Shoppartners,https://shoppartners.wd5.myworkdayjobs.com,workday
Shopsolutions,https://shopsolutions.wd1.myworkdayjobs.com,workday
Shopsolutions,https://shopsolutions.wd3.myworkdayjobs.com,workday
Shopsolutions,https://shopsolutions.wd5.myworkdayjobs.com,workday
Shoplabs,https://shoplabs.wd1.myworkdayjobs.com,workday
Shoplabs,https://shoplabs.wd3.myworkdayjobs.com,workday
Shoplabs,https://shoplabs.wd5.myworkdayjobs.com,workday
Globaltech,https://globaltech.wd1.myworkdayjobs.com,workday
Globaltech,https://globaltech.wd3.myworkdayjobs.com,workday
Globaltech,https://globaltech.wd5.myworkdayjobs.com,workday
Globalcloud,https://globalcloud.wd1.myworkdayjobs.com,workday
Globalcloud,https://globalcloud.wd3.myworkdayjobs.com,workday
Globalcloud,https://globalcloud.wd5.myworkdayjobs.com,workday
Globaldata,https://globaldata.wd1.myworkdayjobs.com,workday
Globaldata,https://globaldata.wd3.myworkdayjobs.com,workday
Globaldata,https://globaldata.wd5.myworkdayjobs.com,workday
Globalai,https://globalai.wd1.myworkdayjobs.com,workday
Globalai,https://globalai.wd3.myworkdayjobs.com,workday
Globalai,https://globalai.wd5.myworkdayjobs.com,workday
Globalsystems,https://globalsystems.wd1.myworkdayjobs.com,workday
Globalsystems,https://globalsystems.wd3.myworkdayjobs.com,workday
Globalsystems,https://globalsystems.wd5.myworkdayjobs.com,workday
Globalhealth,https://globalhealth.wd1.myworkdayjobs.com,workday
Globalhealth,https://globalhealth.wd3.myworkdayjobs.com,workday
Globalhealth,https://globalhealth.wd5.myworkdayjobs.com,workday
Globalmed,https://globalmed.wd1.myworkdayjobs.com,workday
Globalmed,https://globalmed.wd3.myworkdayjobs.com,workday
Globalmed,https://globalmed.wd5.myworkdayjobs.com,workday
Globalbio,https://globalbio.wd1.myworkdayjobs.com,workday
Globalbio,https://globalbio.wd3.myworkdayjobs.com,workday
Globalbio,https://globalbio.wd5.myworkdayjobs.com,workday
Globalfinance,https://globalfinance.wd1.myworkdayjobs.com,workday
Globalfinance,https://globalfinance.wd3.myworkdayjobs.com,workday
Globalfinance,https://globalfinance.wd5.myworkdayjobs.com,workday
Globalcapital,https://globalcapital.wd1.myworkdayjobs.com,workday
Globalcapital,https://globalcapital.wd3.myworkdayjobs.com,workday
Globalcapital,https://globalcapital.wd5.myworkdayjobs.com,workday
Globalbank,https://globalbank.wd1.myworkdayjobs.com,workday
Globalbank,https://globalbank.wd3.myworkdayjobs.com,workday
Globalbank,https://globalbank.wd5.myworkdayjobs.com,workday
Globalretail,https://globalretail.wd1.myworkdayjobs.com,workday
Globalretail,https://globalretail.wd3.myworkdayjobs.com,workday
Globalretail,https://globalretail.wd5.myworkdayjobs.com,workday
Globalshop,https://globalshop.wd1.myworkdayjobs.com,workday
Globalshop,https://globalshop.wd3.myworkdayjobs.com,workday
Globalshop,https://globalshop.wd5.myworkdayjobs.com,workday
Globalgroup,https://globalgroup.wd1.myworkdayjobs.com,workday
Globalgroup,https://globalgroup.wd3.myworkdayjobs.com,workday
Globalgroup,https://globalgroup.wd5.myworkdayjobs.com,workday
Globalpartners,https://globalpartners.wd1.myworkdayjobs.com,workday
Globalpartners,https://globalpartners.wd3.myworkdayjobs.com,workday
Globalpartners,https://globalpartners.wd5.myworkdayjobs.com,workday
Globalsolutions,https://globalsolutions.wd1.myworkdayjobs.com,workday
Globalsolutions,https://globalsolutions.wd3.myworkdayjobs.com,workday
Globalsolutions,https://globalsolutions.wd5.myworkdayjobs.com,workday
Globallabs,https://globallabs.wd1.myworkdayjobs.com,workday
Globallabs,https://globallabs.wd3.myworkdayjobs.com,workday
Globallabs,https://globallabs.wd5.myworkdayjobs.com,workday
Grouptech,https://grouptech.wd1.myworkdayjobs.com,workday
Grouptech,https://grouptech.wd3.myworkdayjobs.com,workday
Grouptech,https://grouptech.wd5.myworkdayjobs.com,workday
Groupcloud,https://groupcloud.wd1.myworkdayjobs.com,workday
Groupcloud,https://groupcloud.wd3.myworkdayjobs.com,workday
Groupcloud,https://groupcloud.wd5.myworkdayjobs.com,workday
Groupdata,https://groupdata.wd1.myworkdayjobs.com,workday
Groupdata,https://groupdata.wd3.myworkdayjobs.com,workday
Groupdata,https://groupdata.wd5.myworkdayjobs.com,workday
Groupai,https://groupai.wd1.myworkdayjobs.com,workday
Groupai,https://groupai.wd3.myworkdayjobs.com,workday
Groupai,https://groupai.wd5.myworkdayjobs.com,workday
Groupsystems,https://groupsystems.wd1.myworkdayjobs.com,workday
Groupsystems,https://groupsystems.wd3.myworkdayjobs.com,workday
Groupsystems,https://groupsystems.wd5.myworkdayjobs.com,workday
Grouphealth,https://grouphealth.wd1.myworkdayjobs.com,workday
Grouphealth,https://grouphealth.wd3.myworkdayjobs.com,workday
Grouphealth,https://grouphealth.wd5.myworkdayjobs.com,workday
Groupmed,https://groupmed.wd1.myworkdayjobs.com,workday
Groupmed,https://groupmed.wd3.myworkdayjobs.com,workday
Groupmed,https://groupmed.wd5.myworkdayjobs.com,workday
Groupbio,https://groupbio.wd1.myworkdayjobs.com,workday
Groupbio,https://groupbio.wd3.myworkdayjobs.com,workday
Groupbio,https://groupbio.wd5.myworkdayjobs.com,workday
Groupfinance,https://groupfinance.wd1.myworkdayjobs.com,workday
Groupfinance,https://groupfinance.wd3.myworkdayjobs.com,workday
Groupfinance,https://groupfinance.wd5.myworkdayjobs.com,workday
Groupcapital,https://groupcapital.wd1.myworkdayjobs.com,workday
Groupcapital,https://groupcapital.wd3.myworkdayjobs.com,workday
Groupcapital,https://groupcapital.wd5.myworkdayjobs.com,workday
Groupbank,https://groupbank.wd1.myworkdayjobs.com,workday
Groupbank,https://groupbank.wd3.myworkdayjobs.com,workday
Groupbank,https://groupbank.wd5.myworkdayjobs.com,workday
Groupretail,https://groupretail.wd1.myworkdayjobs.com,workday
Groupretail,https://groupretail.wd3.myworkdayjobs.com,workday
Groupretail,https://groupretail.wd5.myworkdayjobs.com,workday
Groupshop,https://groupshop.wd1.myworkdayjobs.com,workday
Groupshop,https://groupshop.wd3.myworkdayjobs.com,workday
Groupshop,https://groupshop.wd5.myworkdayjobs.com,workday
Groupglobal,https://groupglobal.wd1.myworkdayjobs.com,workday
Groupglobal,https://groupglobal.wd3.myworkdayjobs.com,workday
Groupglobal,https://groupglobal.wd5.myworkdayjobs.com,workday
Grouppartners,https://grouppartners.wd1.myworkdayjobs.com,workday
Grouppartners,https://grouppartners.wd3.myworkdayjobs.com,workday
Grouppartners,https://grouppartners.wd5.myworkdayjobs.com,workday
Groupsolutions,https://groupsolutions.wd1.myworkdayjobs.com,workday
Groupsolutions,https://groupsolutions.wd3.myworkdayjobs.com,workday
Groupsolutions,https://groupsolutions.wd5.myworkdayjobs.com,workday
Grouplabs,https://grouplabs.wd1.myworkdayjobs.com,workday
Grouplabs,https://grouplabs.wd3.myworkdayjobs.com,workday
Grouplabs,https://grouplabs.wd5.myworkdayjobs.com,workday
Partnerstech,https://partnerstech.wd1.myworkdayjobs.com,workday
Partnerstech,https://partnerstech.wd3.myworkdayjobs.com,workday
Partnerstech,https://partnerstech.wd5.myworkdayjobs.com,workday
Partnerscloud,https://partnerscloud.wd1.myworkdayjobs.com,workday
Partnerscloud,https://partnerscloud.wd3.myworkdayjobs.com,workday
Partnerscloud,https://partnerscloud.wd5.myworkdayjobs.com,workday
Partnersdata,https://partnersdata.wd1.myworkdayjobs.com,workday
Partnersdata,https://partnersdata.wd3.myworkdayjobs.com,workday
Partnersdata,https://partnersdata.wd5.myworkdayjobs.com,workday
Partnersai,https://partnersai.wd1.myworkdayjobs.com,workday
Partnersai,https://partnersai.wd3.myworkdayjobs.com,workday
Partnersai,https://partnersai.wd5.myworkdayjobs.com,workday
Partnerssystems,https://partnerssystems.wd1.myworkdayjobs.com,workday
Partnerssystems,https://partnerssystems.wd3.myworkdayjobs.com,workday
Partnerssystems,https://partnerssystems.wd5.myworkdayjobs.com,workday
Partnershealth,https://partnershealth.wd1.myworkdayjobs.com,workday
Partnershealth,https://partnershealth.wd3.myworkdayjobs.com,workday
Partnershealth,https://partnershealth.wd5.myworkdayjobs.com,workday
Partnersmed,https://partnersmed.wd1.myworkdayjobs.com,workday
Partnersmed,https://partnersmed.wd3.myworkdayjobs.com,workday
Partnersmed,https://partnersmed.wd5.myworkdayjobs.com,workday
Partnersbio,https://partnersbio.wd1.myworkdayjobs.com,workday
Partnersbio,https://partnersbio.wd3.myworkdayjobs.com,workday
Partnersbio,https://partnersbio.wd5.myworkdayjobs.com,workday
Partnersfinance,https://partnersfinance.wd1.myworkdayjobs.com,workday
Partnersfinance,https://partnersfinance.wd3.myworkdayjobs.com,workday
Partnersfinance,https://partnersfinance.wd5.myworkdayjobs.com,workday
Partnerscapital,https://partnerscapital.wd1.myworkdayjobs.com,workday
Partnerscapital,https://partnerscapital.wd3.myworkdayjobs.com,workday
Partnerscapital,https://partnerscapital.wd5.myworkdayjobs.com,workday
Partnersbank,https://partnersbank.wd1.myworkdayjobs.com,workday
Partnersbank,https://partnersbank.wd3.myworkdayjobs.com,workday
Partnersbank,https://partnersbank.wd5.myworkdayjobs.com,workday
Partnersretail,https://partnersretail.wd1.myworkdayjobs.com,workday
Partnersretail,https://partnersretail.wd3.myworkdayjobs.com,workday
Partnersretail,https://partnersretail.wd5.myworkdayjobs.com,workday
Partnersshop,https://partnersshop.wd1.myworkdayjobs.com,workday
Partnersshop,https://partnersshop.wd3.myworkdayjobs.com,workday
Partnersshop,https://partnersshop.wd5.myworkdayjobs.com,workday
Partnersglobal,https://partnersglobal.wd1.myworkdayjobs.com,workday
Partnersglobal,https://partnersglobal.wd3.myworkdayjobs.com,workday
Partnersglobal,https://partnersglobal.wd5.myworkdayjobs.com,workday
Partnersgroup,https://partnersgroup.wd1.myworkdayjobs.com,workday
Partnersgroup,https://partnersgroup.wd3.myworkdayjobs.com,workday
Partnersgroup,https://partnersgroup.wd5.myworkdayjobs.com,workday
Partnerssolutions,https://partnerssolutions.wd1.myworkdayjobs.com,workday
Partnerssolutions,https://partnerssolutions.wd3.myworkdayjobs.com,workday
Partnerssolutions,https://partnerssolutions.wd5.myworkdayjobs.com,workday
Partnerslabs,https://partnerslabs.wd1.myworkdayjobs.com,workday
Partnerslabs,https://partnerslabs.wd3.myworkdayjobs.com,workday
Partnerslabs,https://partnerslabs.wd5.myworkdayjobs.com,workday
Solutionstech,https://solutionstech.wd1.myworkdayjobs.com,workday
Solutionstech,https://solutionstech.wd3.myworkdayjobs.com,workday
Solutionstech,https://solutionstech.wd5.myworkdayjobs.com,workday
Solutionscloud,https://solutionscloud.wd1.myworkdayjobs.com,workday
Solutionscloud,https://solutionscloud.wd3.myworkdayjobs.com,workday
Solutionscloud,https://solutionscloud.wd5.myworkdayjobs.com,workday
Solutionsdata,https://solutionsdata.wd1.myworkdayjobs.com,workday
Solutionsdata,https://solutionsdata.wd3.myworkdayjobs.com,workday
Solutionsdata,https://solutionsdata.wd5.myworkdayjobs.com,workday
Solutionsai,https://solutionsai.wd1.myworkdayjobs.com,workday
Solutionsai,https://solutionsai.wd3.myworkdayjobs.com,workday
Solutionsai,https://solutionsai.wd5.myworkdayjobs.com,workday
Solutionssystems,https://solutionssystems.wd1.myworkdayjobs.com,workday
Solutionssystems,https://solutionssystems.wd3.myworkdayjobs.com,workday
Solutionssystems,https://solutionssystems.wd5.myworkdayjobs.com,workday
Solutionshealth,https://solutionshealth.wd1.myworkdayjobs.com,workday
Solutionshealth,https://solutionshealth.wd3.myworkdayjobs.com,workday
Solutionshealth,https://solutionshealth.wd5.myworkdayjobs.com,workday
Solutionsmed,https://solutionsmed.wd1.myworkdayjobs.com,workday
Solutionsmed,https://solutionsmed.wd3.myworkdayjobs.com,workday
Solutionsmed,https://solutionsmed.wd5.myworkdayjobs.com,workday
Solutionsbio,https://solutionsbio.wd1.myworkdayjobs.com,workday
Solutionsbio,https://solutionsbio.wd3.myworkdayjobs.com,workday
Solutionsbio,https://solutionsbio.wd5.myworkdayjobs.com,workday
Solutionsfinance,https://solutionsfinance.wd1.myworkdayjobs.com,workday
Solutionsfinance,https://solutionsfinance.wd3.myworkdayjobs.com,workday
Solutionsfinance,https://solutionsfinance.wd5.myworkdayjobs.com,workday
Solutionscapital,https://solutionscapital.wd1.myworkdayjobs.com,workday
Solutionscapital,https://solutionscapital.wd3.myworkdayjobs.com,workday
Solutionscapital,https://solutionscapital.wd5.myworkdayjobs.com,workday
Solutionsbank,https://solutionsbank.wd1.myworkdayjobs.com,workday
Solutionsbank,https://solutionsbank.wd3.myworkdayjobs.com,workday
Solutionsbank,https://solutionsbank.wd5.myworkdayjobs.com,workday
Solutionsretail,https://solutionsretail.wd1.myworkdayjobs.com,workday
Solutionsretail,https://solutionsretail.wd3.myworkdayjobs.com,workday
Solutionsretail,https://solutionsretail.wd5.myworkdayjobs.com,workday
Solutionsshop,https://solutionsshop.wd1.myworkdayjobs.com,workday
Solutionsshop,https://solutionsshop.wd3.myworkdayjobs.com,workday
Solutionsshop,https://solutionsshop.wd5.myworkdayjobs.com,workday
Solutionsglobal,https://solutionsglobal.wd1.myworkdayjobs.com,workday
Solutionsglobal,https://solutionsglobal.wd3.myworkdayjobs.com,workday
Solutionsglobal,https://solutionsglobal.wd5.myworkdayjobs.com,workday
Solutionsgroup,https://solutionsgroup.wd1.myworkdayjobs.com,workday
Solutionsgroup,https://solutionsgroup.wd3.myworkdayjobs.com,workday
Solutionsgroup,https://solutionsgroup.wd5.myworkdayjobs.com,workday
Solutionspartners,https://solutionspartners.wd1.myworkdayjobs.com,workday
Solutionspartners,https://solutionspartners.wd3.myworkdayjobs.com,workday
Solutionspartners,https://solutionspartners.wd5.myworkdayjobs.com,workday
Solutionslabs,https://solutionslabs.wd1.myworkdayjobs.com,workday
Solutionslabs,https://solutionslabs.wd3.myworkdayjobs.com,workday
Solutionslabs,https://solutionslabs.wd5.myworkdayjobs.com,workday
Labstech,https://labstech.wd1.myworkdayjobs.com,workday
Labstech,https://labstech.wd3.myworkdayjobs.com,workday
Labstech,https://labstech.wd5.myworkdayjobs.com,workday
Labscloud,https://labscloud.wd1.myworkdayjobs.com,workday
Labscloud,https://labscloud.wd3.myworkdayjobs.com,workday
Labscloud,https://labscloud.wd5.myworkdayjobs.com,workday
Labsdata,https://labsdata.wd1.myworkdayjobs.com,workday
Labsdata,https://labsdata.wd3.myworkdayjobs.com,workday
Labsdata,https://labsdata.wd5.myworkdayjobs.com,workday
Labsai,https://labsai.wd1.myworkdayjobs.com,workday
Labsai,https://labsai.wd3.myworkdayjobs.com,workday
Labsai,https://labsai.wd5.myworkdayjobs.com,workday
Labssystems,https://labssystems.wd1.myworkdayjobs.com,workday
Labssystems,https://labssystems.wd3.myworkdayjobs.com,workday
Labssystems,https://labssystems.wd5.myworkdayjobs.com,workday
Labshealth,https://labshealth.wd1.myworkdayjobs.com,workday
Labshealth,https://labshealth.wd3.myworkdayjobs.com,workday
Labshealth,https://labshealth.wd5.myworkdayjobs.com,workday
Labsmed,https://labsmed.wd1.myworkdayjobs.com,workday
Labsmed,https://labsmed.wd3.myworkdayjobs.com,workday
Labsmed,https://labsmed.wd5.myworkdayjobs.com,workday
Labsbio,https://labsbio.wd1.myworkdayjobs.com,workday
Labsbio,https://labsbio.wd3.myworkdayjobs.com,workday
Labsbio,https://labsbio.wd5.myworkdayjobs.com,workday
Labsfinance,https://labsfinance.wd1.myworkdayjobs.com,workday
Labsfinance,https://labsfinance.wd3.myworkdayjobs.com,workday
Labsfinance,https://labsfinance.wd5.myworkdayjobs.com,workday
Labscapital,https://labscapital.wd1.myworkdayjobs.com,workday
Labscapital,https://labscapital.wd3.myworkdayjobs.com,workday
Labscapital,https://labscapital.wd5.myworkdayjobs.com,workday
Labsbank,https://labsbank.wd1.myworkdayjobs.com,workday
Labsbank,https://labsbank.wd3.myworkdayjobs.com,workday
Labsbank,https://labsbank.wd5.myworkdayjobs.com,workday
