Company,Query,Rank,Candidate URL,Verified
Adobe,,,https://adobe.wd5.myworkdayjobs.com/external_experienced,True
Adobe,,,https://adobe.okta.com/app/workday/kznv24p0LOBOKWOBTZGT/sso/saml,False
Adobe,,,https://careers.adobe.com/us/en,False
Adobe,,,https://business.adobe.com/blog/workday-building-ai-ready-marketing-engine-with-adobe,False
Adobe,,,https://marketplace.workday.com/en-US/apps/414852/adobe-sign,False
Adobe,,,https://adobe.wd5.myworkdayjobs.com/external_experienced/1/refreshFacet/318c8bb6f553100021d223d9780d30be,True
Adobe,,,https://www.adobe.com/acrobat/business/integrations/workday.html,False
Adobe,,,https://www.adobe.com/careers.html,False
Adobe,,,https://www.ziprecruiter.com/Jobs/Adobe-Workday,False
Adobe,,,https://careers.adobe.com/us/en/search-results,False
Adobe,,,https://careers.adobe.com/us/en/applythankyou,False
Adobe,,,https://careers.adobe.com/us/en/c/information-technology-jobs,False
Adobe,,,https://careers.adobe.com/us/en/university,False
Adobe,,,https://spectris.wd3.myworkdayjobs.com/HBK_Careers/job/Home-Working-PL/Website-Owner---Martech-Manager_16934/apply,False
Adobe,,,https://agilent.wd5.myworkdayjobs.com/Agilent_Careers/job/Adobe-Target-Lead-Engineer_4034073,False
Adobe,,,https://4dayweek.io/company/adobe,False
Adobe,,,https://dickssportinggoods.wd1.myworkdayjobs.com/dsg/job/Remote---US/Product-Manager-II---eCommerce-Analytics---Business-Intelligence--Adobe-CJA-_202607216/apply/useMyLastApplication,False
Adobe,,,https://adobe.design/careers,False
Adobe,,,"https://www.indeed.com/q-adobe-l-lehi,-ut-jobs.html",False
Adobe,,,https://www.ziprecruiter.com/Jobs/Adobe-Careers,False
Adobe,,,https://www.glassdoor.com/Jobs/Adobe-Jobs-E1090.htm,False
Adobe,,,https://adobe.wd5.myworkdayjobs.com/external_experienced,True
Adobe,,,https://adobe.okta.com/app/workday/kznv24p0LOBOKWOBTZGT/sso/saml,False
Adobe,,,https://careers.adobe.com/us/en,False
Adobe,,,https://business.adobe.com/blog/workday-building-ai-ready-marketing-engine-with-adobe,False
Adobe,,,https://marketplace.workday.com/en-US/apps/414852/adobe-sign,False
Adobe,,,https://adobe.wd5.myworkdayjobs.com/external_experienced/1/refreshFacet/318c8bb6f553100021d223d9780d30be,True
Adobe,,,https://www.adobe.com/acrobat/business/integrations/workday.html,False
Adobe,,,https://www.adobe.com/careers.html,False
Adobe,,,https://www.ziprecruiter.com/Jobs/Adobe-Workday,False
Adobe,,,https://careers.adobe.com/us/en/search-results,False
Adobe,,,https://careers.adobe.com/us/en/applythankyou,False
Adobe,,,https://careers.adobe.com/us/en/c/information-technology-jobs,False
Adobe,,,https://careers.adobe.com/us/en/university,False
Adobe,,,https://spectris.wd3.myworkdayjobs.com/HBK_Careers/job/Home-Working-PL/Website-Owner---Martech-Manager_16934/apply,False
Adobe,,,https://agilent.wd5.myworkdayjobs.com/Agilent_Careers/job/Adobe-Target-Lead-Engineer_4034073,False
Adobe,,,https://4dayweek.io/company/adobe,False
Adobe,,,https://dickssportinggoods.wd1.myworkdayjobs.com/dsg/job/Remote---US/Product-Manager-II---eCommerce-Analytics---Business-Intelligence--Adobe-CJA-_202607216/apply/useMyLastApplication,False
Adobe,,,https://adobe.design/careers,False
Adobe,,,"https://www.indeed.com/q-adobe-l-lehi,-ut-jobs.html",False
Adobe,,,https://www.ziprecruiter.com/Jobs/Adobe-Careers,False
Adobe,,,https://www.glassdoor.com/Jobs/Adobe-Jobs-E1090.htm,False
Adobe,,,https://adobe.wd5.myworkdayjobs.com/external_experienced,True
Adobe,,,https://adobe.okta.com/app/workday/kznv24p0LOBOKWOBTZGT/sso/saml,False
Adobe,,,https://careers.adobe.com/us/en,False
Adobe,,,https://business.adobe.com/blog/workday-building-ai-ready-marketing-engine-with-adobe,False
Adobe,,,https://marketplace.workday.com/en-US/apps/414852/adobe-sign,False
Adobe,,,https://adobe.wd5.myworkdayjobs.com/external_experienced/1/refreshFacet/318c8bb6f553100021d223d9780d30be,True
Adobe,,,https://www.adobe.com/acrobat/business/integrations/workday.html,False
Adobe,,,https://www.adobe.com/careers.html,False
Adobe,,,https://www.ziprecruiter.com/Jobs/Adobe-Workday,False
Adobe,,,https://careers.adobe.com/us/en/search-results,False
Adobe,,,https://careers.adobe.com/us/en/applythankyou,False
Adobe,,,https://careers.adobe.com/us/en/c/information-technology-jobs,False
Adobe,,,https://careers.adobe.com/us/en/university,False
Adobe,,,https://spectris.wd3.myworkdayjobs.com/HBK_Careers/job/Home-Working-PL/Website-Owner---Martech-Manager_16934/apply,False
Adobe,,,https://agilent.wd5.myworkdayjobs.com/Agilent_Careers/job/Adobe-Target-Lead-Engineer_4034073,False
Adobe,,,https://4dayweek.io/company/adobe,False
Adobe,,,https://dickssportinggoods.wd1.myworkdayjobs.com/dsg/job/Remote---US/Product-Manager-II---eCommerce-Analytics---Business-Intelligence--Adobe-CJA-_202607216/apply/useMyLastApplication,False
Adobe,,,https://adobe.design/careers,False
Adobe,,,"https://www.indeed.com/q-adobe-l-lehi,-ut-jobs.html",False
Adobe,,,https://www.ziprecruiter.com/Jobs/Adobe-Careers,False
Adobe,,,https://www.glassdoor.com/Jobs/Adobe-Jobs-E1090.htm,False
Airbnb,,,https://careers.airbnb.com,False
Airbnb,,,https://www.workday.com/en-us/services/overview.html,False
Airbnb,,,https://www.linkedin.com/company/airbnb/jobs,False
Airbnb,,,https://news.airbnb.com/airbnbs-design-to-live-and-work-anywhere,False
Airbnb,,,https://www.ziprecruiter.com/Jobs/Airbnb-Workday,False
Airbnb,,,https://www.builtinnyc.com/job/staff-workday-integration-engineer/9871110,False
Airbnb,,,https://jobs.traveltechessentialist.com/companies/airbnb-2-ee227800-5d2f-4911-86e7-b603090f411d/jobs/51230945-senior-workday-hris-analyst,False
Airbnb,,,https://www.builtinseattle.com/company/airbnb/jobs,False
Airbnb,,,https://www.ziprecruiter.com/e/airbnb-workday-what-is-an-airbnb-workday,False
Airbnb,,,"https://www.glassdoor.com/Jobs/Airbnb-country-manager-Jobs-EI_IE391850.0,6_KO7,22.htm",False
Airbnb,,,https://www.dreamhire.io/jobs/airbnb,False
Airbnb,,,https://wasatchproperty.wd1.myworkdayjobs.com/MarketStarCareersEMEA/job/Inside-Sales-Representative---Airbnb--French-Bilingual-_R21396/apply/autofillWithResume,False
Airbnb,,,https://apify.com/automation-lab/airbnb-careers-scraper/issues/closed,False
Airbnb,,,https://wasatchproperty.wd1.myworkdayjobs.com/MarketStarCareersEMEA/job/MarketStar-Dublin---HQ/Inside-Sales-Representative---Airbnb--French-Bilingual-_R21396/apply/applyManually,False
Airbnb,,,https://www.linkedin.com/posts/jmspool_ive-heard-rumblings-that-the-workday-application-activity-7143789755279843328-B64B,False
Airbnb,,,https://wasatchproperty.wd1.myworkdayjobs.com/MarketStarCareers/job/Inside-Sales-Representative---Airbnb--French-Bilingual-_R21396-1,False
Airbnb,,,https://www.workday.com/en-us/w-list.html,False
Airbnb,,,https://jobtrackmass.streamlit.app,False
Airbnb,,,https://www.indeed.com/q-remotely-airbnb-jobs.html,False
Airbnb,,,https://www.glassdoor.com/Jobs/Airbnb-Jobs-E391850.htm,False
Airbnb,,,https://www.ziprecruiter.com/Jobs/Work-From-Home-Airbnb-Host,False
Airbnb,,,https://www.builtinchicago.org/company/airbnb/jobs,False
Airbnb,,,https://www.workingnomads.com/remote-company/airbnb,False
Airbnb,,,https://careers.airbnb.com,False
Airbnb,,,https://www.workday.com/en-us/services/overview.html,False
Airbnb,,,https://www.linkedin.com/company/airbnb/jobs,False
Airbnb,,,https://news.airbnb.com/airbnbs-design-to-live-and-work-anywhere,False
Airbnb,,,https://www.ziprecruiter.com/Jobs/Airbnb-Workday,False
Airbnb,,,https://www.builtinnyc.com/job/staff-workday-integration-engineer/9871110,False
Airbnb,,,https://jobs.traveltechessentialist.com/companies/airbnb-2-ee227800-5d2f-4911-86e7-b603090f411d/jobs/51230945-senior-workday-hris-analyst,False
Airbnb,,,https://www.builtinseattle.com/company/airbnb/jobs,False
Airbnb,,,https://www.ziprecruiter.com/e/airbnb-workday-what-is-an-airbnb-workday,False
Airbnb,,,"https://www.glassdoor.com/Jobs/Airbnb-country-manager-Jobs-EI_IE391850.0,6_KO7,22.htm",False
Airbnb,,,https://www.dreamhire.io/jobs/airbnb,False
Airbnb,,,https://wasatchproperty.wd1.myworkdayjobs.com/MarketStarCareersEMEA/job/Inside-Sales-Representative---Airbnb--French-Bilingual-_R21396/apply/autofillWithResume,False
Airbnb,,,https://apify.com/automation-lab/airbnb-careers-scraper/issues/closed,False
Airbnb,,,https://wasatchproperty.wd1.myworkdayjobs.com/MarketStarCareersEMEA/job/MarketStar-Dublin---HQ/Inside-Sales-Representative---Airbnb--French-Bilingual-_R21396/apply/applyManually,False
Airbnb,,,https://www.linkedin.com/posts/jmspool_ive-heard-rumblings-that-the-workday-application-activity-7143789755279843328-B64B,False
Airbnb,,,https://wasatchproperty.wd1.myworkdayjobs.com/MarketStarCareers/job/Inside-Sales-Representative---Airbnb--French-Bilingual-_R21396-1,False
Airbnb,,,https://www.workday.com/en-us/w-list.html,False
Airbnb,,,https://jobtrackmass.streamlit.app,False
Airbnb,,,https://www.indeed.com/q-remotely-airbnb-jobs.html,False
Airbnb,,,https://www.glassdoor.com/Jobs/Airbnb-Jobs-E391850.htm,False
Airbnb,,,https://www.ziprecruiter.com/Jobs/Work-From-Home-Airbnb-Host,False
Airbnb,,,https://www.builtinchicago.org/company/airbnb/jobs,False
Airbnb,,,https://www.workingnomads.com/remote-company/airbnb,False
Airbnb,,,https://careers.airbnb.com,False
Airbnb,,,https://www.workday.com/en-us/services/overview.html,False
Airbnb,,,https://www.linkedin.com/company/airbnb/jobs,False
Airbnb,,,https://news.airbnb.com/airbnbs-design-to-live-and-work-anywhere,False
Airbnb,,,https://www.ziprecruiter.com/Jobs/Airbnb-Workday,False
Airbnb,,,https://www.builtinnyc.com/job/staff-workday-integration-engineer/9871110,False
Airbnb,,,https://jobs.traveltechessentialist.com/companies/airbnb-2-ee227800-5d2f-4911-86e7-b603090f411d/jobs/51230945-senior-workday-hris-analyst,False
Airbnb,,,https://www.builtinseattle.com/company/airbnb/jobs,False
Airbnb,,,https://www.ziprecruiter.com/e/airbnb-workday-what-is-an-airbnb-workday,False
Airbnb,,,"https://www.glassdoor.com/Jobs/Airbnb-country-manager-Jobs-EI_IE391850.0,6_KO7,22.htm",False
Airbnb,,,https://www.dreamhire.io/jobs/airbnb,False
Airbnb,,,https://wasatchproperty.wd1.myworkdayjobs.com/MarketStarCareersEMEA/job/Inside-Sales-Representative---Airbnb--French-Bilingual-_R21396/apply/autofillWithResume,False
Airbnb,,,https://apify.com/automation-lab/airbnb-careers-scraper/issues/closed,False
Airbnb,,,https://wasatchproperty.wd1.myworkdayjobs.com/MarketStarCareersEMEA/job/MarketStar-Dublin---HQ/Inside-Sales-Representative---Airbnb--French-Bilingual-_R21396/apply/applyManually,False
Airbnb,,,https://www.linkedin.com/posts/jmspool_ive-heard-rumblings-that-the-workday-application-activity-7143789755279843328-B64B,False
Airbnb,,,https://wasatchproperty.wd1.myworkdayjobs.com/MarketStarCareers/job/Inside-Sales-Representative---Airbnb--French-Bilingual-_R21396-1,False
Airbnb,,,https://www.workday.com/en-us/w-list.html,False
Airbnb,,,https://jobtrackmass.streamlit.app,False
Airbnb,,,https://www.indeed.com/q-remotely-airbnb-jobs.html,False
Airbnb,,,https://www.glassdoor.com/Jobs/Airbnb-Jobs-E391850.htm,False
Airbnb,,,https://www.ziprecruiter.com/Jobs/Work-From-Home-Airbnb-Host,False
Airbnb,,,https://www.builtinchicago.org/company/airbnb/jobs,False
Airbnb,,,https://www.workingnomads.com/remote-company/airbnb,False
Amazon,,,https://www.amazon.jobs/en-US/applicant/login,False
Amazon,,,https://www.workday.com/en-us/company/partners/amazon-web-services.html,False
Amazon,,,https://hiring.amazon.com,False
Amazon,,,https://hiring.amazon.com/login,False
Amazon,,,https://www.linkedin.com/jobs/amazon-workday-jobs,False
Amazon,,,https://hiring.amazon.com/why-amazon/shifts-and-schedules,False
Amazon,,,https://atoz-login.amazon.work,False
Amazon,,,https://blog.workday.com/en-us/clarifying-amazon-workday-deployment.html,False
Amazon,,,https://www.youtube.com/watch,False
Amazon,,,https://www.amazon.jobs,False
Amazon,,,https://www.amazon.jobs/search,False
Amazon,,,https://hiring.amazon.com/locations/philadelphia-jobs,False
Amazon,,,"https://www.indeed.com/q-amazon-l-bethesda,-md-jobs.html",False
Amazon,,,https://hiring.amazon.com/job-opportunities,False
Amazon,,,https://www.amazon.jobs/aws,False
Amazon,,,https://hiring.amazon.com/jobDetail/en-US/Amazon-Sortation-Center-Warehouse-Associate/ABERDEEN/a0R4U00000GJJAiUAP,False
Amazon,,,https://www.amazon.jobs/applicant/dashboard/applications,False
Amazon,,,https://hiring.amazon.com/locations/riverside-ca-jobs,False
Amazon,,,https://husqvarnagroup.wd3.myworkdayjobs.com/en-us/external_career_site/job/sr-national-account-manager---e-commerce--amazon-_r-17223/apply,False
Amazon,,,https://scholastic.wd5.myworkdayjobs.com/External/job/New-York-New-York/National-Account-Manager---Amazon_R15434/apply/applyManually,False
Amazon,,,https://plugpower.wd5.myworkdayjobs.com/Plug_Power_Inc/job/Field-Service-Technician--Amazon-OOH9--West-Jefferson--OH_R6993-1/apply,False
Amazon,,,https://hiring.amazon.com/jobDetail/en-US/Amazon-Delivery-Station-Warehouse-Associate/Kansas-City/a0R4U00000EPB6wUAH,False
Amazon,,,https://clorox.wd1.myworkdayjobs.com/Clorox/job/Customer-Team-Leader_22597/apply,False
Amazon,,,https://www.ziprecruiter.com/Jobs/Myworkdayjobs/--in-Oklahoma,False
Amazon,,,https://ca.linkedin.com/jobs/amazon-jobs-toronto-on,False
Amazon,,,https://hiring.amazon.com/locations/houston-jobs,False
Amazon,,,https://hiring.amazon.com/app,False
Amazon,,,https://hiring.amazon.com/locations/baltimore-jobs,False
Amazon,,,https://www.linkedin.com/company/amazon/jobs,False
Amazon,,,https://hiring.amazon.com/job-opportunities/fulfillment-center-jobs,False
Amazon,,,https://www.amazon.jobs/en-US/applicant/login,False
Amazon,,,https://www.workday.com/en-us/company/partners/amazon-web-services.html,False
Amazon,,,https://hiring.amazon.com,False
Amazon,,,https://hiring.amazon.com/login,False
Amazon,,,https://www.linkedin.com/jobs/amazon-workday-jobs,False
Amazon,,,https://hiring.amazon.com/why-amazon/shifts-and-schedules,False
Amazon,,,https://atoz-login.amazon.work,False
Amazon,,,https://blog.workday.com/en-us/clarifying-amazon-workday-deployment.html,False
Amazon,,,https://www.youtube.com/watch,False
Amazon,,,https://www.amazon.jobs,False
Amazon,,,https://www.amazon.jobs/search,False
Amazon,,,https://hiring.amazon.com/locations/philadelphia-jobs,False
Amazon,,,"https://www.indeed.com/q-amazon-l-bethesda,-md-jobs.html",False
Amazon,,,https://hiring.amazon.com/job-opportunities,False
Amazon,,,https://www.amazon.jobs/aws,False
Amazon,,,https://hiring.amazon.com/jobDetail/en-US/Amazon-Sortation-Center-Warehouse-Associate/ABERDEEN/a0R4U00000GJJAiUAP,False
Amazon,,,https://www.amazon.jobs/applicant/dashboard/applications,False
Amazon,,,https://hiring.amazon.com/locations/riverside-ca-jobs,False
Amazon,,,https://husqvarnagroup.wd3.myworkdayjobs.com/en-us/external_career_site/job/sr-national-account-manager---e-commerce--amazon-_r-17223/apply,False
Amazon,,,https://scholastic.wd5.myworkdayjobs.com/External/job/New-York-New-York/National-Account-Manager---Amazon_R15434/apply/applyManually,False
Amazon,,,https://plugpower.wd5.myworkdayjobs.com/Plug_Power_Inc/job/Field-Service-Technician--Amazon-OOH9--West-Jefferson--OH_R6993-1/apply,False
Amazon,,,https://hiring.amazon.com/jobDetail/en-US/Amazon-Delivery-Station-Warehouse-Associate/Kansas-City/a0R4U00000EPB6wUAH,False
Amazon,,,https://clorox.wd1.myworkdayjobs.com/Clorox/job/Customer-Team-Leader_22597/apply,False
Amazon,,,https://www.ziprecruiter.com/Jobs/Myworkdayjobs/--in-Oklahoma,False
Amazon,,,https://ca.linkedin.com/jobs/amazon-jobs-toronto-on,False
Amazon,,,https://hiring.amazon.com/locations/houston-jobs,False
Amazon,,,https://hiring.amazon.com/app,False
Amazon,,,https://hiring.amazon.com/locations/baltimore-jobs,False
Amazon,,,https://www.linkedin.com/company/amazon/jobs,False
Amazon,,,https://hiring.amazon.com/job-opportunities/fulfillment-center-jobs,False
Amazon,,,https://www.amazon.jobs/en-US/applicant/login,False
Amazon,,,https://www.workday.com/en-us/company/partners/amazon-web-services.html,False
Amazon,,,https://hiring.amazon.com,False
Amazon,,,https://hiring.amazon.com/login,False
Amazon,,,https://www.linkedin.com/jobs/amazon-workday-jobs,False
Amazon,,,https://hiring.amazon.com/why-amazon/shifts-and-schedules,False
Amazon,,,https://atoz-login.amazon.work,False
Amazon,,,https://blog.workday.com/en-us/clarifying-amazon-workday-deployment.html,False
Amazon,,,https://www.youtube.com/watch,False
Amazon,,,https://www.amazon.jobs,False
Amazon,,,https://www.amazon.jobs/search,False
Amazon,,,https://hiring.amazon.com/locations/philadelphia-jobs,False
Amazon,,,"https://www.indeed.com/q-amazon-l-bethesda,-md-jobs.html",False
Amazon,,,https://hiring.amazon.com/job-opportunities,False
Amazon,,,https://www.amazon.jobs/aws,False
Amazon,,,https://hiring.amazon.com/jobDetail/en-US/Amazon-Sortation-Center-Warehouse-Associate/ABERDEEN/a0R4U00000GJJAiUAP,False
Amazon,,,https://www.amazon.jobs/applicant/dashboard/applications,False
Amazon,,,https://hiring.amazon.com/locations/riverside-ca-jobs,False
Amazon,,,https://husqvarnagroup.wd3.myworkdayjobs.com/en-us/external_career_site/job/sr-national-account-manager---e-commerce--amazon-_r-17223/apply,False
Amazon,,,https://scholastic.wd5.myworkdayjobs.com/External/job/New-York-New-York/National-Account-Manager---Amazon_R15434/apply/applyManually,False
Amazon,,,https://plugpower.wd5.myworkdayjobs.com/Plug_Power_Inc/job/Field-Service-Technician--Amazon-OOH9--West-Jefferson--OH_R6993-1/apply,False
Amazon,,,https://hiring.amazon.com/jobDetail/en-US/Amazon-Delivery-Station-Warehouse-Associate/Kansas-City/a0R4U00000EPB6wUAH,False
Amazon,,,https://clorox.wd1.myworkdayjobs.com/Clorox/job/Customer-Team-Leader_22597/apply,False
Amazon,,,https://www.ziprecruiter.com/Jobs/Myworkdayjobs/--in-Oklahoma,False
Amazon,,,https://ca.linkedin.com/jobs/amazon-jobs-toronto-on,False
Amazon,,,https://hiring.amazon.com/locations/houston-jobs,False
Amazon,,,https://hiring.amazon.com/app,False
Amazon,,,https://hiring.amazon.com/locations/baltimore-jobs,False
Amazon,,,https://www.linkedin.com/company/amazon/jobs,False
Amazon,,,https://hiring.amazon.com/job-opportunities/fulfillment-center-jobs,False
Amd,,,https://careers.amd.com,False
Amd,,,https://careers-amd.icims.com/jobs/login,False
Amd,,,https://www.amd.com/en/corporate/careers.html,False
Amd,,,https://www.linkedin.com/company/amd/jobs,False
Amd,,,"https://www.indeed.com/q-amd-l-austin,-tx-jobs.html",False
Amd,,,https://tf-amd.com.my/careers,False
Amd,,,https://www.youtube.com/watch,False
Amd,,,https://www.linkedin.com/jobs/amd-jobs-austin-texas-metropolitan-area,False
Amd,,,https://conagrabrands.wd1.myworkdayjobs.com/en-us/careers_us/job/amd-sme--subject-matter-expert-_req-038727-1/apply,False
Amd,,,https://wasatchproperty.wd1.myworkdayjobs.com/MarketStarCareersNAMER/job/Field-Application-Engineer---AMD-_R21261,False
Amd,,,https://hpe.wd5.myworkdayjobs.com/ACJobSite/job/NA-Compute-Category-Mgmt-Rep-IV_1205324,False
Amd,,,https://avnet.wd1.myworkdayjobs.com/External/job/Business-Development-Manager--AMD_JR-022889/apply,False
Amd,,,https://conagrabrands.wd1.myworkdayjobs.com/en-us/careers_us/job/third-shift-lead-operator-amd-changeover_req-038028-1/apply,False
Amd,,,https://ca.indeed.com/cmp/Amd/locations/ON/Toronto,False
Amd,,,https://abbott.wd5.myworkdayjobs.com/abbottcareers2/job/Americas-Training-Manager---AMD_31151958/apply/useMyLastApplication,False
Amd,,,https://www.threads.com/@careerya_jfjs/post/DaUuVsvoF-a/job-post-amd-is-hiring-position-technical-lead-computer-vision-software,False
Amd,,,https://hpe.wd5.myworkdayjobs.com/acjobsite/job/all-texas-united-states-of-america/na-compute-category-mgmt-rep-iv_1205324/apply/useMyLastApplication,False
Amd,,,https://www.indeed.com/cmp/Amd,False
Amd,,,https://www.amdlasers.com/pages/career,False
Amd,,,https://www.ziprecruiter.com/Jobs/Amd,False
